cash,fiscal_quarter,fiscal_year,period_end_date,revenue,shares_outstanding,ticker,total_debt
5828548.0,Q4,2021,2021-12-31,-37793.0,25053522.0,ABVC,1640000.0
681480.0,Q4,2025,2025-12-31,-795950.0,24322552.0,ABVC,3472826.0
89985000.0,Q2,2025,2025-06-30,-20435000.0,55005353.0,ACRE,888209000.0
45120389.0,Q3,2025,2025-09-30,-3896617.0,22594541.0,AFCG,111057895.0
656000000.0,Q2,2025,2025-06-30,-112000000.0,1041700000.0,AGNC,60000000.0
493000000.0,Q1,2026,2026-03-31,-114000000.0,1147800000.0,AGNC,
109091.0,Q4,2025,2025-12-31,-1050305.0,4854009.0,ALBT,940359.0
192414000.0,Q1,2020,2020-03-31,224633000.0,0.0,ALHC,
200883000.0,Q2,2020,2020-06-30,244313000.0,0.0,ALHC,
222326000.0,Q3,2020,2020-09-30,247867000.0,0.0,ALHC,
207311000.0,Q4,2020,2020-12-31,242409000.0,0.0,ALHC,144168000.0
111097000.0,Q4,2022,2022-12-31,-110000.0,46926349.0,ALT,4581000.0
74999000.0,Q2,2024,2024-06-30,-1023000.0,68024929.0,AMLX,
41963000.0,Q1,2026,2026-03-31,-2203000.0,24914647.0,AOMR,2361134000.0
41552000.0,Q4,2025,2025-05-31,-33300000.0,224909669.0,APLD,702877000.0
31701916.0,Q4,2025,2025-12-31,-95349.0,106919830.0,AREC,3727945.0
255852000.0,Q1,2023,2023-03-31,-2088496000.0,120253000.0,ARKO,808630000.0
220142000.0,Q2,2023,2023-06-30,-2469141000.0,121280000.0,ARKO,823671000.0
141166000.0,Q2,2025,2025-06-30,-72319000.0,88070861.0,ARR,
66471000.0,Q1,2026,2026-03-31,-51719000.0,123629707.0,ARR,18612075000.0
311700000.0,Q4,2023,2023-12-31,-43100000.0,55500000.0,ARVN,1000000.0
238588000.0,Q4,2022,2022-12-31,-1000.0,60799275.0,ASTS,5000000.0
2374.0,Q4,2018,2018-12-31,-8756.0,,ATLX,
151088.0,Q4,2019,2019-12-31,-1120.0,,ATLX,1295087.0
5767276.0,Q4,2021,2021-12-31,-291603.0,21329281.0,AUID,
4899658.0,Q3,2025,2025-09-30,-106146.0,13443740.0,AUID,
10646301.0,Q4,2018,2018-12-31,-6314321.0,34773613.0,AVTX,15377882.0
19442000.0,Q4,2022,2022-12-31,-41261000.0,43073473.0,BLFS,25607000.0
27896000.0,Q4,2023,2023-12-31,-13976000.0,43719185.0,BLFS,23846000.0
10900000.0,Q4,2018,2018-09-30,827500000.0,0.0,BRBR,
208711000.0,Q3,2021,2021-09-30,-10767000.0,128693000.0,BRSP,1323193000.0
65335000.0,Q4,2023,2023-12-31,-44872000.0,89011000.0,BW,405691000.0
1341000.0,Q4,2018,2018-12-31,-2000000.0,,CAPS,2475000.0
721000000.0,Q1,2021,2021-03-31,5559000000.0,0.0,CEG,
542000000.0,Q2,2021,2021-06-30,4153000000.0,0.0,CEG,
1957000000.0,Q3,2021,2021-09-30,4406000000.0,0.0,CEG,
47291000.0,Q1,2025,2025-03-31,-3050000.0,32630919.0,CHMI,149304000.0
11981000.0,Q4,2022,2022-12-31,-28673000.0,37201000.0,CLAR,138986000.0
90327000.0,Q2,2026,2026-06-30,-15593000.0,141084206.0,CMTG,1029212000.0
439700000.0,Q1,2021,2021-03-31,-139700000.0,91600000.0,CNNE,59700000.0
50700000.0,Q1,2022,2022-03-31,-97800000.0,85900000.0,CNNE,15300000.0
100600000.0,Q2,2022,2022-06-30,-19000000.0,83500000.0,CNNE,106700000.0
39365000.0,Q2,2021,2021-06-30,-127210000.0,219897242.0,CNX,2289068000.0
365000.0,Q3,2021,2021-09-30,-880261000.0,215738737.0,CNX,2435406000.0
8570000.0,Q1,2022,2022-03-31,-913098000.0,199854257.0,CNX,2226873000.0
155194000.0,Q4,2019,2019-12-28,-440734671.0,41159000.0,COHU,353035000.0
340400000.0,Q4,2019,2019-06-30,-245200000.0,751200000.0,COTY,7469900000.0
32672000.0,Q4,2022,2022-12-31,-4028000.0,51982000.0,CRNX,
364618000.0,Q4,2021,2021-12-31,-86875000.0,81542729.0,CTKB,
296601000.0,Q4,2022,2022-12-31,-112737000.0,138562111.0,CTKB,2271000.0
205530000.0,Q4,2021,2021-12-31,-12534000.0,64146848.0,CTMX,
2060000.0,Q4,2022,2022-10-31,-177810000.0,17745000.0,CVGW,66286000.0
420000000.0,Q1,2018,2018-03-31,1537000000.0,0.0,CVI,
668000000.0,Q4,2018,2018-12-31,1738000000.0,0.0,CVI,
13382000.0,Q4,2022,2022-12-31,-720000.0,2173000.0,CYCN,3500000.0
5035006.0,Q2,2025,2025-06-30,-21172.0,9030386.0,DARE,3032713.0
196352000.0,Q4,2020,2020-12-31,-1212000.0,10968769.0,DBVT,15471000.0
125484000.0,Q2,2021,2021-06-30,-1488000.0,54904764.0,DBVT,12803000.0
209194000.0,Q4,2022,2022-12-31,-1305000.0,77384133.0,DBVT,1894000.0
715000000.0,Q4,2025,2025-12-31,-1871000000.0,136398481.0,DD,3194000000.0
11503283.0,Q1,2020,2020-03-31,188738433.0,0.0,DFH,
35057235.0,Q2,2020,2020-06-30,199801128.0,0.0,DFH,
42081890.0,Q3,2020,2020-09-30,284166827.0,0.0,DFH,
425200000.0,Q4,2023,2024-02-03,-5182800000.0,219900000.0,DLTR,3426300000.0
387520000.0,Q2,2025,2025-06-30,-1313000.0,125358375.0,DX,
773138000.0,Q1,2026,2026-03-31,-59109000.0,207154465.0,DX,
,Q3,2022,2021-09-30,192141000.0,0.0,EE,
239100000.0,Q4,2022,2022-12-31,-89200000.0,67599000.0,EEX,413900000.0
8963856.0,Q4,2025,2025-12-31,-662309.0,33800951.0,EMPD,100658336.0
330770000.0,Q2,2021,2021-06-30,-260116000.0,279156000.0,EQT,399699000.0
22792000.0,Q3,2021,2021-09-30,-1464838000.0,356792000.0,EQT,12441000.0
16913000.0,Q1,2022,2022-03-31,-579110000.0,374142000.0,EQT,493815000.0
7332000.0,Q3,2020,2020-09-30,-161000.0,,ETON,7007000.0
105739000.0,Q4,2023,2023-12-31,-93102000.0,87901938.0,EVC,206634000.0
464989.0,Q4,2023,2023-12-31,-82797.0,6031487.0,FCUV,0.0
276726000.0,Q4,2020,2020-12-31,-977000.0,26690167.0,FDMT,
249108000.0,Q4,2024,2024-12-31,-18000.0,55244211.0,FDMT,24606000.0
19741.0,Q4,2018,2018-12-31,-770241.0,21966612.0,FTFT,32450867.0
19016198.0,Q4,2024,2024-12-31,-9125998.0,32246443.0,FTFT,925047.0
726737.0,Q4,2018,2018-12-31,-18446550.0,,GDC,508832.0
1939520.0,Q2,2020,2020-06-30,-5118918.0,,GDC,437884.0
1463402.0,Q3,2020,2020-09-30,-45759.0,,GDC,455206.0
40833000.0,Q4,2021,2021-12-31,-26000.0,195794606.0,GEVO,66962000.0
4485000.0,Q3,2021,2021-09-30,-242528000.0,20598000.0,GPOR,749502000.0
5898000.0,Q1,2022,2022-03-31,-307816000.0,21242000.0,GPOR,573996000.0
14477000.0,Q4,2025,2025-12-31,-1588000.0,22377003.0,GWH,11888000.0
124105000.0,Q4,2025,2025-12-31,-53021000.0,111186000.0,HLIT,133181000.0
1446443000.0,Q4,2023,2023-12-31,-387798000.0,86464000.0,IAC,2023154000.0
34915000.0,Q4,2020,2020-12-31,-147000.0,377067527.0,IBRX,254353000.0
2381000000.0,Q1,2020,2020-03-31,-60000000.0,,IEP,2938000000.0
2294000.0,Q4,2025,2025-12-31,-3054000.0,17528852.0,ILLR,159819000.0
,Q2,2020,2019-12-31,-798.0,,INBS,
,Q3,2020,2020-03-31,-1533.0,,INBS,
1102000000.0,Q4,2021,2021-12-31,,,INDV,-242000000.0
59396000.0,Q2,2025,2025-06-30,-18455000.0,66307379.0,IVR,
52598000.0,Q1,2026,2026-03-31,-15013000.0,87485972.0,IVR,
,Q1,2021,2021-03-31,,0.0,IVVD,
1140479000.0,Q4,2022,2022-09-30,-1258703000.0,129445000.0,J,3407671000.0
770853000.0,Q4,2023,2023-09-29,-1212282000.0,127214000.0,J,2865244000.0
24188000.0,Q4,2020,2020-12-31,35752000.0,0.0,KNTK,
51306000.0,Q1,2021,2021-03-31,148103000.0,0.0,KNTK,
75092000.0,Q2,2021,2021-06-30,135766000.0,0.0,KNTK,
108988000.0,Q3,2021,2021-09-30,166586000.0,0.0,KNTK,
18729000.0,Q4,2021,2021-12-31,211589000.0,0.0,KNTK,
5710685.0,Q4,2023,2023-12-30,-20801.0,108976245.0,KOPN,
173178000.0,Q1,2022,2022-03-31,-75783000.0,69402626.0,KREF,5445010000.0
239791000.0,Q4,2022,2022-12-31,-278472000.0,67553578.0,KREF,6164348000.0
83058000.0,Q2,2026,2026-06-30,-28198000.0,64300417.0,KREF,4615964000.0
1415900000.0,Q4,2023,2023-12-31,-1455100000.0,425679037.0,LBTYA,15707900000.0
1415900000.0,Q4,2023,2023-12-31,-1455100000.0,425679037.0,LBTYK,15707900000.0
80897000.0,Q2,2020,2020-06-30,-268000.0,49741635.0,LIND,401283000.0
6561840.0,Q3,2022,2022-09-30,-643957.0,1664659.0,LIXT,
163000000.0,Q4,2023,2023-12-31,-223700000.0,,MASI,871700000.0
123600000.0,Q4,2024,2024-12-31,-98500000.0,53540566.0,MASI,714300000.0
,Q2,2020,2020-06-30,123616000.0,0.0,MAX,
,Q3,2020,2020-09-30,151548000.0,0.0,MAX,
16469000.0,Q4,2018,2018-12-31,-50000.0,,MBIO,0.0
15619000.0,Q2,2021,2021-06-30,-35000.0,7108133.0,MBOT,
13428000.0,Q3,2021,2021-09-30,-3000.0,7108133.0,MBOT,
94841000.0,Q1,2023,2023-03-31,-522000.0,125862975.0,MCRB,51234000.0
6121000.0,Q4,2021,2021-12-31,-212000.0,7217000.0,MDIA,100281000.0
60473000.0,Q4,2024,2024-12-31,-1718667000.0,210349456.0,MDU,2166223000.0
2827000.0,Q4,2025,2025-12-31,-4369000.0,1641627.0,MOVE,4635000.0
77852000.0,Q4,2020,2020-06-30,-6960000.0,23942000.0,MSGS,350000000.0
39095000.0,Q3,2019,2019-09-30,-385.0,,NKTX,
1243703000.0,Q4,2020,2020-12-31,-371768000.0,353664860.0,NLY,426256000.0
1342090000.0,Q4,2021,2021-12-31,-1491238000.0,357142251.0,NLY,
3944000.0,Q1,2019,2019-03-31,-6934000.0,371448566.0,NOG,
3335000.0,Q1,2022,2022-03-31,-32930000.0,76922543.0,NOG,1119500000.0
-14418110.0,Q2,2021,2021-06-30,,,NPWR,
125887.0,Q3,2020,2020-09-30,26396000.0,0.0,NRDY,300000.0
25565000.0,Q1,2021,2021-03-31,34565000.0,0.0,NRDY,2000000.0
14718000.0,Q2,2021,2021-06-30,32786000.0,0.0,NRDY,2000000.0
226748000.0,Q4,2023,2023-12-31,-1917000.0,88770000.0,NTLA,
169319000.0,Q4,2019,2019-12-31,-15690000.0,21157996.0,NTST,173913000.0
138919000.0,Q2,2021,2021-06-30,,45971469.0,NUVL,-284000.0
9469000.0,Q1,2025,2025-03-31,-16264000.0,44517013.0,NXDT,346347000.0
4730000.0,Q2,2025,2025-06-30,-30969000.0,47421929.0,NXDT,319745000.0
8166000.0,Q4,2025,2025-12-31,-17474000.0,50132605.0,NXDT,309634000.0
9428000.0,Q1,2026,2026-03-31,-4494000.0,50219590.0,NXDT,280354000.0
18571000.0,Q4,2025,2025-12-31,-193000.0,312379972.0,OCGN,33144000.0
0.0,Q4,2020,2020-12-31,-75571000.0,56625650.0,ONL,
440756000.0,Q2,2025,2025-06-30,-28582000.0,126566926.0,ORC,
674020000.0,Q1,2026,2026-03-31,-12558000.0,196700226.0,ORC,
31174880.0,Q4,2025,2025-12-31,-12908371.0,24583775.0,OSS,1468959.0
55512178.0,Q3,2020,2020-09-30,-152541.0,49433473.0,PAYS,315874.0
36423000.0,Q4,2021,2021-12-31,-17392000.0,197759900.0,PGEN,183151000.0
4858000.0,Q4,2022,2022-12-31,-24745000.0,200360821.0,PGEN,43219000.0
1955000.0,Q4,2022,2022-12-31,-10500000.0,1979634.0,PHUN,9667000.0
61139000.0,Q4,2022,2022-12-31,-9000.0,33935000.0,PLSE,
1312404000.0,Q4,2020,2020-12-31,-309099000.0,354790106.0,PLUG,25389000.0
884274.0,Q4,2019,2020-03-31,-7253135.0,,POWW,1775856.0
30227796.0,Q1,2025,2025-03-31,-42159090.0,116814190.0,POWW,1555335.0
211000.0,Q4,2018,2018-12-31,-15494000.0,8726000.0,PPSI,3793000.0
3582000.0,Q4,2023,2023-12-31,-22174000.0,10127188.0,PPSI,
56082017.0,Q3,2021,2021-09-30,-60486.0,57079291.0,PPTA,
47852846.0,Q4,2021,2021-12-31,-166730.0,54530322.0,PPTA,
131152000.0,Q1,2021,2021-03-31,-252000.0,38470710.0,PRAX,
175879000.0,Q2,2021,2021-06-30,-424000.0,41569782.0,PRAX,
165679000.0,Q3,2021,2021-09-30,-166000.0,44714941.0,PRAX,
1897703.0,Q4,2020,2020-12-31,-3607552.0,3506752.0,PROP,
246358.0,Q4,2022,2022-12-31,-42059.0,11648878.0,PROP,
27435000.0,Q4,2024,2024-12-31,-596716000.0,27264155.0,PRSU,112733000.0
11446717.0,Q2,2020,2020-06-30,-1888.0,,QCLS,
25617000.0,Q4,2024,2024-12-31,-14662000.0,29769466.0,QTTB,18901000.0
138975000.0,Q4,2020,2020-12-31,-193826000.0,53818378.0,RC,4120750000.0
138532000.0,Q4,2023,2023-12-31,-695683000.0,148567026.0,RC,3212110000.0
205933000.0,Q1,2025,2025-03-31,-74096000.0,172507227.0,RC,5134403000.0
162935000.0,Q2,2025,2025-06-30,-6286000.0,164326387.0,RC,4011086000.0
201233000.0,Q1,2026,2026-03-31,-80854000.0,165255559.0,RC,2711812000.0
3016788000.0,Q3,2020,2020-09-30,-33688000.0,214163000.0,RCL,18890447000.0
127000000.0,Q4,2024,2024-12-31,-49000000.0,127333376.0,RCUS,
1280000.0,Q2,2018,2018-06-30,12338000.0,14533030.0,REKR,-2389844.0
229527000.0,Q4,2021,2021-05-01,-7453000.0,31210011.0,RH,28067000.0
345200.0,Q4,2019,2020-03-31,-247888.0,38532889.0,RIME,
143736000.0,Q4,2023,2023-12-31,-1000.0,122576527.0,RLAY,
267989000.0,Q4,2023,2023-09-30,-503220000.0,16426000.0,RMR,
6494953000.0,Q4,2023,2024-03-31,-8121000.0,831049444.0,ROIV,12000000.0
97439000.0,Q1,2025,2025-03-31,-1801000.0,7570338.0,RPT,358765000.0
450000000.0,Q4,2021,2021-12-31,-108587000.0,142070301.0,RWT,2177362000.0
259000000.0,Q4,2022,2022-12-31,-189144000.0,117227846.0,RWT,2029679000.0
301979000.0,Q2,2025,2025-06-30,-52912000.0,131679516.0,RWT,19510737000.0
,Q3,2020,2020-09-30,4170000.0,0.0,RXST,
110534.0,Q4,2018,2018-12-31,-91168.0,3046807.0,SBFM,
32638970.0,Q4,2021,2021-12-31,-625406.0,25998831.0,SEGG,150000.0
97906000.0,Q4,2022,2022-12-31,-142903000.0,153385000.0,SEM,3879562000.0
52632000.0,Q4,2023,2023-12-31,-179225000.0,123105000.0,SEM,3653258000.0
1398628.0,Q1,2024,2024-03-31,-3.0,2075745.0,SHPH,941398.0
23390000.0,Q1,2021,2021-03-31,390000.0,0.0,SKYH,
20580000.0,Q2,2021,2021-06-30,394000.0,0.0,SKYH,
217040000.0,Q3,2021,2021-09-30,402000.0,0.0,SKYH,
203935000.0,Q4,2021,2021-12-31,392000.0,0.0,SKYH,
10426249.0,Q4,2021,2021-12-31,-57076.0,64943703.0,SKYX,7197220.0
24284000.0,Q2,2026,2026-06-30,-1017000.0,227217240.0,SLDP,7534000.0
1316994.0,Q2,2021,2021-06-30,372000.0,0.0,SMR,
1190307.0,Q3,2021,2021-09-30,297000.0,0.0,SMR,
576574.0,Q1,2022,2022-03-31,2445000.0,0.0,SMR,
351676000.0,Q4,2021,2021-12-31,-7569000.0,148510351.0,SPRU,21000.0
1685000.0,Q4,2019,2020-02-01,-603904000.0,43588000.0,SPWH,23781000.0
65525000.0,Q4,2020,2021-01-30,-979017000.0,44430000.0,SPWH,
192060000.0,Q2,2023,2023-06-30,-2481000.0,44188464.0,STOK,
12789975.0,Q4,2020,2020-12-31,-14065438.0,9322672.0,SUNE,
18966.0,Q4,2021,2021-12-31,-15974356.0,3074998.0,SUNE,
12594000.0,Q1,2020,2020-03-31,-198000.0,,SYRE,
-445000.0,Q3,2022,2022-09-30,332462000.0,,TBLA,
378564000.0,Q4,2025,2025-12-31,-401866000.0,44194408.0,TFX,2725659000.0
,Q1,2021,2021-03-31,-42000.0,2334479.0,TIVC,
9049000.0,Q2,2022,2022-06-30,-21000.0,9621484.0,TIVC,
2002000.0,Q4,2024,2024-12-31,-600000.0,486046.0,TIVC,0.0
12645000.0,Q4,2025,2025-12-31,-302000.0,1765952.0,TIVC,6454000.0
1552227.0,Q3,2020,2020-09-30,-11261000.0,,TNGX,
30020000.0,Q4,2025,2025-12-31,-139970000.0,37630206.0,TRS,505080000.0
15334000.0,Q4,2019,2019-12-31,-217230000.0,125600000.0,TTI,204633000.0
573882000.0,Q1,2025,2025-03-31,-31530000.0,103976437.0,TWO,1201733000.0
657816000.0,Q2,2025,2025-06-30,-14669000.0,104132453.0,TWO,1392957000.0
,Q1,2022,2022-03-31,-9538000.0,25000000.0,TXO,
4492291.0,Q4,2023,2023-06-30,-23402111.0,893943.0,UPXI,
129500000.0,Q3,2019,2019-09-30,-2000000.0,,VAL,6167800000.0
1505183000.0,Q2,2022,2022-06-30,-40629000.0,132450018.0,VIR,
170084000.0,Q3,2025,2025-09-30,-65000.0,139022594.0,VIR,100175000.0
274161000.0,Q1,2026,2026-03-31,-41000.0,161234058.0,VIR,95579000.0
31754000.0,Q4,2021,2021-12-31,-41759000.0,90941000.0,VRE,2389070000.0
12782000.0,Q3,2024,2024-09-30,-134816000.0,92893924.0,VRE,1677916000.0
35287200.0,Q3,2022,2022-09-30,-893000.0,6893708.0,VTGN,3558200.0
67131000.0,Q1,2025,2025-03-31,-15000.0,28996959.0,VTGN,1509000.0
98959000.0,Q4,2022,2022-12-31,-1549000.0,38356810.0,VYGR,
493000000.0,Q4,2020,2020-12-31,-55000000.0,93400000.0,WH,2597000000.0
230421424.0,Q3,2021,2021-09-30,-576602.0,129251351.0,WKHS,0.0
201647394.0,Q4,2021,2021-12-31,-851922.0,128676131.0,WKHS,0.0
11993.0,Q4,2019,2019-12-31,-32622.0,,WKSP,278938.0
310948000.0,Q3,2024,2024-09-30,-7676000.0,132563467.0,WVE,
19829275.0,Q4,2019,2020-03-31,-197346.0,,XAIR,4674423.0
228000000.0,Q4,2021,2021-12-31,-2243000000.0,114000000.0,XPO,3513000000.0
9284000.0,Q4,2022,2022-12-31,-1551000.0,23320.0,XTIA,13643000.0
5000.0,Q4,2023,2023-12-31,-2615000.0,15900.0,XTIA,18546000.0
2315000000.0,Q4,2021,2021-12-31,-946000000.0,261826000.0,Z,1319224000.0
2315000000.0,Q4,2021,2021-12-31,-946000000.0,261826000.0,ZG,1319224000.0
