accepted_at_utc,accepted_source_provider,capex,cash,created_at_utc,currency,derivation_method,ebit,ebitda,fiscal_quarter,fiscal_year,free_cashflow,gross_profit,net_income,operating_cashflow,operating_income,period_end_date,publish_date,quarter_id,resolution_issue_id,revenue,shares_outstanding,ticker,total_debt,update_run_id,updated_at_utc
2026-08-23T074231Z,LEGACY,-4195000000.0,45059000000.0,2026-08-23T074231Z,,"{""free_cashflow"":""DIRECT_WITH_DERIVED_CHECK:operating_cashflow + capex""}",15894000000.0,,Q2,2018,10935000000.0,23422000000.0,13822000000.0,15130000000.0,15894000000.0,2018-03-31,2018-05-01,17425,,61137000000.0,5068493000.0,AAPL,109860000000.0,V3_PHASE3C2_LEGACY_DEEP_HISTORY_2026-08-23T074231Z,2026-08-23T074231Z
2026-08-24T09:24:02.702073+00:00,LEGACY,-3267000000.0,31971000000.0,2026-08-23T074231Z,,"{""artifact_research_run"": ""PHASE4C2F_EVIDENCE_BASED_GATE_REFINEMENT"", ""formula_id"": ""EBIT_PLUS_DA_COMBINED"", ""formula_version"": ""1"", ""phase"": ""4C-3"", ""production_class"": ""AUTO_STRONG"", ""q_applicability"": ""STRONG_Q1_Q3"", ""semantic_class"": ""SEMANTIC_A_OR_B_HISTORIC_STRICT"", ""source_mode"": ""STRICT_4C2D_AUTO_STRONG"", ""statistical_class"": ""STAT_HIGH""}",12612000000.0,15277000000.0,Q3,2018,11221000000.0,20421000000.0,11519000000.0,14488000000.0,12612000000.0,2018-06-30,2018-07-31,17424,,53265000000.0,4926609000.0,AAPL,102626000000.0,V3_PHASE4C3_EBIT_EBITDA_PRODUCTION_APPLY_20260824T092352Z,2026-08-24T09:24:02.702073+00:00
2026-08-23T16:02:25Z,LEGACY,-3041000000.0,25913000000.0,2026-08-23T074231Z,,"{""free_cashflow"":""DERIVED:operating_cashflow + capex""}",16118000000.0,,Q4,2018,16482000000.0,24084000000.0,14125000000.0,19523000000.0,16118000000.0,2018-09-29,2018-11-01,17423,,62900000000.0,20000435000.0,AAPL,102519000000.0,V3_PHASE4B_DIRECT_RECOVERY_20260823T160224Z,2026-08-23T16:02:25Z
2026-08-24T09:24:02.702073+00:00,LEGACY,-3355000000.0,44771000000.0,2026-08-23T074231Z,,"{""artifact_research_run"": ""PHASE4C2F_EVIDENCE_BASED_GATE_REFINEMENT"", ""formula_id"": ""EBIT_PLUS_DA_COMBINED"", ""formula_version"": ""1"", ""phase"": ""4C-3"", ""production_class"": ""AUTO_STRONG"", ""q_applicability"": ""STRONG_Q1_Q3"", ""semantic_class"": ""SEMANTIC_A_OR_B_HISTORIC_STRICT"", ""source_mode"": ""STRICT_4C2D_AUTO_STRONG"", ""statistical_class"": ""STAT_HIGH""}",23346000000.0,26741000000.0,Q1,2019,23335000000.0,32031000000.0,19965000000.0,26690000000.0,23346000000.0,2018-12-29,2019-01-29,17422,,84310000000.0,4773252000.0,AAPL,102761000000.0,V3_PHASE4C3_EBIT_EBITDA_PRODUCTION_APPLY_20260824T092352Z,2026-08-24T09:24:02.702073+00:00
2026-08-24T09:24:02.702073+00:00,LEGACY,-2363000000.0,37988000000.0,2026-08-23T074231Z,,"{""artifact_research_run"": ""PHASE4C2F_EVIDENCE_BASED_GATE_REFINEMENT"", ""formula_id"": ""EBIT_PLUS_DA_COMBINED"", ""formula_version"": ""1"", ""phase"": ""4C-3"", ""production_class"": ""AUTO_STRONG"", ""q_applicability"": ""STRONG_Q1_Q3"", ""semantic_class"": ""SEMANTIC_A_OR_B_HISTORIC_STRICT"", ""source_mode"": ""STRICT_4C2D_AUTO_STRONG"", ""statistical_class"": ""STAT_HIGH""}",13415000000.0,16455000000.0,Q2,2019,8792000000.0,21821000000.0,11561000000.0,11155000000.0,13415000000.0,2019-03-30,2019-04-30,17421,,58015000000.0,4700646000.0,AAPL,100706000000.0,V3_PHASE4C3_EBIT_EBITDA_PRODUCTION_APPLY_20260824T092352Z,2026-08-24T09:24:02.702073+00:00
2026-08-24T09:24:02.702073+00:00,LEGACY,-2000000000.0,50530000000.0,2026-08-23T074231Z,,"{""artifact_research_run"": ""PHASE4C2F_EVIDENCE_BASED_GATE_REFINEMENT"", ""formula_id"": ""EBIT_PLUS_DA_COMBINED"", ""formula_version"": ""1"", ""phase"": ""4C-3"", ""production_class"": ""AUTO_STRONG"", ""q_applicability"": ""STRONG_Q1_Q3"", ""semantic_class"": ""SEMANTIC_A_OR_B_HISTORIC_STRICT"", ""source_mode"": ""STRICT_4C2D_AUTO_STRONG"", ""statistical_class"": ""STAT_HIGH""}",11544000000.0,14477000000.0,Q3,2019,9636000000.0,20227000000.0,10044000000.0,11636000000.0,11544000000.0,2019-06-29,2019-07-30,17420,,53809000000.0,4601380000.0,AAPL,98465000000.0,V3_PHASE4C3_EBIT_EBITDA_PRODUCTION_APPLY_20260824T092352Z,2026-08-24T09:24:02.702073+00:00
2026-08-23T16:02:25Z,LEGACY,-2777000000.0,48844000000.0,2026-08-23T074231Z,,"{""free_cashflow"":""DERIVED:operating_cashflow + capex""}",15625000000.0,18804000000.0,Q4,2019,17133000000.0,24313000000.0,13686000000.0,19910000000.0,15625000000.0,2019-09-28,2019-10-30,17419,,64040000000.0,18595651000.0,AAPL,102067000000.0,V3_PHASE4B_DIRECT_RECOVERY_20260823T160224Z,2026-08-23T16:02:25Z
2026-08-23T09:28:17Z,V2,-2107000000.0,39771000000.0,2026-08-23T074231Z,,,25569000000.0,28385000000.0,Q1,2020,28409000000.0,35217000000.0,22236000000.0,30516000000.0,25569000000.0,2019-12-28,2020-01-28,17418,,91819000000.0,17818417000.0,AAPL,103302000000.0,V3_PHASE3C3_V2_RESIDUAL_EXISTING_Q_2026-08-23T092817Z,2026-08-23T09:28:17Z
2026-08-23T09:28:17Z,V2,-1853000000.0,40174000000.0,2026-08-23T074231Z,,,12853000000.0,15639000000.0,Q2,2020,11458000000.0,22370000000.0,11249000000.0,13311000000.0,12853000000.0,2020-03-28,2020-04-30,17417,,58313000000.0,17618765000.0,AAPL,99478000000.0,V3_PHASE3C3_V2_RESIDUAL_EXISTING_Q_2026-08-23T092817Z,2026-08-23T09:28:17Z
2026-08-23T09:28:17Z,V2,-1565000000.0,33383000000.0,2026-08-23T074231Z,,,13091000000.0,15843000000.0,Q3,2020,14706000000.0,22680000000.0,11253000000.0,16271000000.0,13091000000.0,2020-06-27,2020-07-30,17416,,59685000000.0,17419154000.0,AAPL,101557000000.0,V3_PHASE3C3_V2_RESIDUAL_EXISTING_Q_2026-08-23T092817Z,2026-08-23T09:28:17Z
2026-08-23T16:02:25Z,LEGACY,-1784000000.0,38016000000.0,2026-08-23T074231Z,,"{""free_cashflow"":""DERIVED:operating_cashflow + capex""}",14775000000.0,17477000000.0,Q4,2020,18792000000.0,24689000000.0,12673000000.0,20576000000.0,14775000000.0,2020-09-26,2020-10-29,17415,,64698000000.0,17528214000.0,AAPL,107440000000.0,V3_PHASE4B_DIRECT_RECOVERY_20260823T160224Z,2026-08-23T16:02:25Z
2026-08-23T09:28:17Z,V2,-3500000000.0,36010000000.0,2026-08-23T074231Z,,,33534000000.0,36200000000.0,Q1,2021,35263000000.0,44328000000.0,28755000000.0,38763000000.0,33534000000.0,2020-12-26,2021-01-27,17414,,111439000000.0,17113688000.0,AAPL,107043000000.0,V3_PHASE3C3_V2_RESIDUAL_EXISTING_Q_2026-08-23T092817Z,2026-08-23T09:28:17Z
2026-08-23T09:28:17Z,V2,-2269000000.0,38466000000.0,2026-08-23T074231Z,,,27503000000.0,30300000000.0,Q2,2021,21712000000.0,38079000000.0,23630000000.0,23981000000.0,27503000000.0,2021-03-27,2021-04-28,17413,,89584000000.0,16929157000.0,AAPL,116645000000.0,V3_PHASE3C3_V2_RESIDUAL_EXISTING_Q_2026-08-23T092817Z,2026-08-23T09:28:17Z
2026-08-23T09:28:17Z,V2,-2093000000.0,34050000000.0,2026-08-23T074231Z,,,24126000000.0,26958000000.0,Q3,2021,19001000000.0,35255000000.0,21744000000.0,21094000000.0,24126000000.0,2021-06-26,2021-07-27,17412,,81434000000.0,16781735000.0,AAPL,113791000000.0,V3_PHASE3C3_V2_RESIDUAL_EXISTING_Q_2026-08-23T092817Z,2026-08-23T09:28:17Z
2026-08-23T16:02:25Z,LEGACY,-3223000000.0,34940000000.0,2026-08-23T074231Z,,"{""free_cashflow"":""DERIVED:operating_cashflow + capex""}",23786000000.0,26775000000.0,Q4,2021,16977000000.0,35174000000.0,20551000000.0,20200000000.0,23786000000.0,2021-09-25,2021-10-28,17411,,83360000000.0,16864919000.0,AAPL,118719000000.0,V3_PHASE4B_DIRECT_RECOVERY_20260823T160224Z,2026-08-23T16:02:25Z
2026-08-23T09:28:17Z,V2,-2803000000.0,37119000000.0,2026-08-23T074231Z,,,41488000000.0,44185000000.0,Q1,2022,44163000000.0,54243000000.0,34630000000.0,46966000000.0,41488000000.0,2021-12-25,2022-01-27,17410,,123945000000.0,16519291000.0,AAPL,117798000000.0,V3_PHASE3C3_V2_RESIDUAL_EXISTING_Q_2026-08-23T092817Z,2026-08-23T09:28:17Z
2026-08-23T09:28:17Z,V2,-2514000000.0,28098000000.0,2026-08-23T074231Z,,,29979000000.0,32716000000.0,Q2,2022,25652000000.0,42559000000.0,25010000000.0,28166000000.0,29979000000.0,2022-03-26,2022-04-28,17409,,97278000000.0,16403316000.0,AAPL,112982000000.0,V3_PHASE3C3_V2_RESIDUAL_EXISTING_Q_2026-08-23T092817Z,2026-08-23T09:28:17Z
2026-08-23T09:28:17Z,V2,-2102000000.0,27502000000.0,2026-08-23T074231Z,,,23076000000.0,25881000000.0,Q3,2022,20790000000.0,35885000000.0,19442000000.0,22892000000.0,23076000000.0,2022-06-25,2022-07-28,17408,,82959000000.0,16262203000.0,AAPL,108709000000.0,V3_PHASE3C3_V2_RESIDUAL_EXISTING_Q_2026-08-23T092817Z,2026-08-23T09:28:17Z
2026-08-23T16:02:25Z,LEGACY,-3289000000.0,23646000000.0,2026-08-23T074231Z,,"{""free_cashflow"":""DERIVED:operating_cashflow + capex""}",24894000000.0,27759000000.0,Q4,2022,20838000000.0,38095000000.0,20721000000.0,24127000000.0,24894000000.0,2022-09-24,2022-10-27,17407,,90146000000.0,16325819000.0,AAPL,110087000000.0,V3_PHASE4B_DIRECT_RECOVERY_20260823T160224Z,2026-08-23T16:02:25Z
2026-08-23T09:28:17Z,V2,-3787000000.0,20535000000.0,2026-08-23T074231Z,,,36016000000.0,38932000000.0,Q1,2023,30218000000.0,50332000000.0,29998000000.0,34005000000.0,36016000000.0,2022-12-31,2023-02-02,17406,,117154000000.0,15955718000.0,AAPL,109367000000.0,V3_PHASE3C3_V2_RESIDUAL_EXISTING_Q_2026-08-23T092817Z,2026-08-23T09:28:17Z
2026-08-23T09:28:17Z,V2,-2916000000.0,24687000000.0,2026-08-23T074231Z,,,28318000000.0,31216000000.0,Q2,2023,25644000000.0,41976000000.0,24160000000.0,28560000000.0,28318000000.0,2023-04-01,2023-05-04,17405,,94836000000.0,15847050000.0,AAPL,107619000000.0,V3_PHASE3C3_V2_RESIDUAL_EXISTING_Q_2026-08-23T092817Z,2026-08-23T09:28:17Z
2026-08-23T09:28:17Z,V2,-2093000000.0,28408000000.0,2026-08-23T074231Z,,,22998000000.0,26050000000.0,Q3,2023,24287000000.0,36413000000.0,19881000000.0,26380000000.0,22998000000.0,2023-07-01,2023-08-03,17404,,81797000000.0,15775021000.0,AAPL,105287000000.0,V3_PHASE3C3_V2_RESIDUAL_EXISTING_Q_2026-08-23T092817Z,2026-08-23T09:28:17Z
2026-08-23T16:02:25Z,LEGACY,-2163000000.0,29965000000.0,2026-08-23T074231Z,,"{""free_cashflow"":""DERIVED:operating_cashflow + capex""}",26969000000.0,29622000000.0,Q4,2023,19435000000.0,40427000000.0,22956000000.0,21598000000.0,26969000000.0,2023-09-30,2023-11-02,17403,,89498000000.0,15812547000.0,AAPL,105103000000.0,V3_PHASE4B_DIRECT_RECOVERY_20260823T160224Z,2026-08-23T16:02:25Z
2026-08-23T09:28:17Z,V2,-2392000000.0,40760000000.0,2026-08-23T074231Z,,,40373000000.0,43221000000.0,Q1,2024,37503000000.0,54855000000.0,33916000000.0,39895000000.0,40373000000.0,2023-12-30,2024-02-01,17402,,119575000000.0,15576641000.0,AAPL,106042000000.0,V3_PHASE3C3_V2_RESIDUAL_EXISTING_Q_2026-08-23T092817Z,2026-08-23T09:28:17Z
2026-08-23T09:28:17Z,V2,-1996000000.0,32695000000.0,2026-08-23T074231Z,,,27900000000.0,30736000000.0,Q2,2024,20694000000.0,42271000000.0,23636000000.0,22690000000.0,27900000000.0,2024-03-30,2024-05-02,17401,,90753000000.0,15464709000.0,AAPL,102593000000.0,V3_PHASE3C3_V2_RESIDUAL_EXISTING_Q_2026-08-23T092817Z,2026-08-23T09:28:17Z
2026-08-23T09:28:17Z,V2,-2151000000.0,25565000000.0,2026-08-23T074231Z,,,25352000000.0,28202000000.0,Q3,2024,26707000000.0,39678000000.0,21448000000.0,28858000000.0,25352000000.0,2024-06-29,2024-08-01,17400,,85777000000.0,15348175000.0,AAPL,98310000000.0,V3_PHASE3C3_V2_RESIDUAL_EXISTING_Q_2026-08-23T092817Z,2026-08-23T09:28:17Z
2026-08-23T09:28:17Z,V2,-2940000000.0,30299000000.0,2026-08-23T074231Z,,,42832000000.0,45912000000.0,Q1,2025,26995000000.0,58275000000.0,36330000000.0,29935000000.0,42832000000.0,2024-12-28,2025-01-30,17399,,124300000000.0,15150865000.0,AAPL,94804000000.0,V3_PHASE3C3_V2_RESIDUAL_EXISTING_Q_2026-08-23T092817Z,2026-08-23T09:28:17Z
2026-08-23T09:28:17Z,V2,-3071000000.0,28162000000.0,2026-08-23T074231Z,,,29589000000.0,32250000000.0,Q2,2025,20881000000.0,44867000000.0,24780000000.0,23952000000.0,29589000000.0,2025-03-29,2025-05-01,17398,,95359000000.0,15056133000.0,AAPL,92204000000.0,V3_PHASE3C3_V2_RESIDUAL_EXISTING_Q_2026-08-23T092817Z,2026-08-23T09:28:17Z
2026-08-22T00:00:00Z,YAHOO,-3462000000.0,36269000000.0,2026-08-22T00:00:00Z,,"{""free_cashflow"":""DIRECT_WITH_DERIVED_CHECK:operating_cashflow + capex""}",28202000000.0,31032000000.0,Q3,2025,24405000000.0,43718000000.0,23434000000.0,27867000000.0,28202000000.0,2025-06-30,2025-08-01,32,,94036000000.0,14856722000.0,AAPL,101698000000.0,V3_PHASE3B_U_REFINED_YAHOO_SEED_20260822T000000Z,2026-08-22T00:00:00Z
2026-08-22T00:00:00Z,YAHOO,-3242000000.0,35934000000.0,2026-08-22T00:00:00Z,,"{""free_cashflow"":""DIRECT_WITH_DERIVED_CHECK:operating_cashflow + capex""}",32427000000.0,35554000000.0,Q4,2025,26486000000.0,48341000000.0,27466000000.0,29728000000.0,32427000000.0,2025-09-30,2025-10-31,33,,102466000000.0,14773260000.0,AAPL,98657000000.0,V3_PHASE3B_U_REFINED_YAHOO_SEED_20260822T000000Z,2026-08-22T00:00:00Z
2026-08-22T00:00:00Z,YAHOO,-2373000000.0,45317000000.0,2026-08-22T00:00:00Z,,"{""free_cashflow"":""DIRECT_WITH_DERIVED_CHECK:operating_cashflow + capex""}",50852000000.0,54066000000.0,Q1,2026,51552000000.0,69231000000.0,42097000000.0,53925000000.0,50852000000.0,2025-12-31,2026-01-30,34,,143756000000.0,14697926000.0,AAPL,90509000000.0,V3_PHASE3B_U_REFINED_YAHOO_SEED_20260822T000000Z,2026-08-22T00:00:00Z
2026-08-22T00:00:00Z,YAHOO,-1971000000.0,45572000000.0,2026-08-22T00:00:00Z,,"{""free_cashflow"":""DIRECT_WITH_DERIVED_CHECK:operating_cashflow + capex""}",35885000000.0,39324000000.0,Q2,2026,26731000000.0,54781000000.0,29578000000.0,28702000000.0,35885000000.0,2026-03-31,2026-05-01,35,,111184000000.0,14667688000.0,AAPL,84711000000.0,V3_PHASE3B_U_REFINED_YAHOO_SEED_20260822T000000Z,2026-08-22T00:00:00Z
2026-08-22T00:00:00Z,YAHOO,-2455000000.0,39544000000.0,2026-08-22T00:00:00Z,,"{""free_cashflow"":""DIRECT_WITH_DERIVED_CHECK:operating_cashflow + capex""}",35695000000.0,39015000000.0,Q3,2026,31914000000.0,54770000000.0,29789000000.0,34369000000.0,35695000000.0,2026-06-30,2026-07-31,36,,109417000000.0,14687356000.0,AAPL,84344000000.0,V3_PHASE3B_U_REFINED_YAHOO_SEED_20260822T000000Z,2026-08-22T00:00:00Z
2026-08-23T074231Z,LEGACY,-159927.0,880996.0,2026-08-23T074231Z,,"{""free_cashflow"":""DIRECT_WITH_DERIVED_CHECK:operating_cashflow + capex""}",-1905090.0,,Q1,2018,-1685319.0,382014.0,-1883544.0,-1525392.0,-1905090.0,2018-03-31,,25071,,2054728.0,,BNC,,V3_PHASE3C2_LEGACY_DEEP_HISTORY_2026-08-23T074231Z,2026-08-23T074231Z
2026-08-23T074231Z,LEGACY,-66688.0,1628880.0,2026-08-23T074231Z,,"{""free_cashflow"":""DIRECT_WITH_DERIVED_CHECK:operating_cashflow + capex""}",-1417257.0,,Q2,2018,-52661.0,523425.0,-1400945.0,14027.0,-1417257.0,2018-06-30,,25070,,2007745.0,,BNC,,V3_PHASE3C2_LEGACY_DEEP_HISTORY_2026-08-23T074231Z,2026-08-23T074231Z
2026-08-23T074231Z,LEGACY,-5494.0,1416882.0,2026-08-23T074231Z,,"{""free_cashflow"":""DIRECT_WITH_DERIVED_CHECK:operating_cashflow + capex""}",-662643.0,,Q3,2018,-211045.0,1096552.0,-643562.0,-205551.0,-662643.0,2018-09-30,,25069,,3324621.0,222782404.0,BNC,,V3_PHASE3C2_LEGACY_DEEP_HISTORY_2026-08-23T074231Z,2026-08-23T074231Z
2026-08-23T16:02:25Z,LEGACY,-29113.0,253387.0,2026-08-23T074231Z,,"{""free_cashflow"":""DERIVED:operating_cashflow + capex""}",-835504.0,,Q4,2018,-1160970.0,447887.0,-815694.0,-1131857.0,-835504.0,2018-12-31,2019-03-19,25068,,9581968.0,,BNC,,V3_PHASE4B_DIRECT_RECOVERY_20260823T160224Z,2026-08-23T16:02:25Z
2026-08-23T074231Z,LEGACY,,465360.0,2026-08-23T074231Z,,,-922072.0,,Q1,2019,,490073.0,-900195.0,211973.0,-922072.0,2019-03-31,,25067,,1771230.0,,BNC,,V3_PHASE3C2_LEGACY_DEEP_HISTORY_2026-08-23T074231Z,2026-08-23T074231Z
2026-08-23T074231Z,LEGACY,,1925680.0,2026-08-23T074231Z,,,136319.0,,Q2,2019,,1447792.0,139615.0,1460320.0,136319.0,2019-06-30,,25066,,4210393.0,,BNC,,V3_PHASE3C2_LEGACY_DEEP_HISTORY_2026-08-23T074231Z,2026-08-23T074231Z
2026-08-23T16:02:25Z,LEGACY,3043.0,922177.0,2026-08-23T074231Z,,"{""free_cashflow"":""DERIVED:operating_cashflow + capex""}",-802178.0,,Q4,2019,-1075245.0,1030641.0,-800009.0,-1078288.0,-802178.0,2019-12-31,2020-03-24,25065,,3718726.0,,BNC,,V3_PHASE4B_DIRECT_RECOVERY_20260823T160224Z,2026-08-23T16:02:25Z
2026-08-23T074231Z,LEGACY,,194290.0,2026-08-23T074231Z,,,-946338.0,,Q1,2020,,456524.0,-938313.0,-727887.0,-946338.0,2020-03-31,,25064,,1809925.0,,BNC,,V3_PHASE3C2_LEGACY_DEEP_HISTORY_2026-08-23T074231Z,2026-08-23T074231Z
2026-08-23T074231Z,LEGACY,,235438.0,2026-08-23T074231Z,,,-605612.0,,Q2,2020,,274825.0,-613517.0,-512852.0,-605612.0,2020-06-30,,25063,,1682424.0,236526638.0,BNC,,V3_PHASE3C2_LEGACY_DEEP_HISTORY_2026-08-23T074231Z,2026-08-23T074231Z
2026-08-23T074231Z,LEGACY,3500.0,2072312.0,2026-08-23T074231Z,,"{""free_cashflow"":""DIRECT_WITH_DERIVED_CHECK:operating_cashflow + capex""}",-282664.0,,Q3,2020,1843874.0,525911.0,-270439.0,1840374.0,-282664.0,2020-09-30,,25062,,1634669.0,236526638.0,BNC,,V3_PHASE3C2_LEGACY_DEEP_HISTORY_2026-08-23T074231Z,2026-08-23T074231Z
2026-08-23T16:02:25Z,LEGACY,9332.0,2284881.0,2026-08-23T074231Z,,"{""free_cashflow"":""DERIVED:operating_cashflow + capex""}",-528010.0,,Q4,2020,227733.0,295707.0,63553.0,218401.0,-528010.0,2020-12-31,2021-03-24,25061,,3387254.0,,BNC,,V3_PHASE4B_DIRECT_RECOVERY_20260823T160224Z,2026-08-23T16:02:25Z
2026-08-23T074231Z,LEGACY,-12326.0,3271128.0,2026-08-23T074231Z,,"{""free_cashflow"":""DIRECT_WITH_DERIVED_CHECK:operating_cashflow + capex""}",-685650.0,,Q1,2021,472047.0,344606.0,-793368.0,484373.0,-685650.0,2021-03-31,,25060,,2366529.0,1576844.0,BNC,,V3_PHASE3C2_LEGACY_DEEP_HISTORY_2026-08-23T074231Z,2026-08-23T074231Z
2026-08-23T074231Z,LEGACY,0.0,2283879.0,2026-08-23T074231Z,,"{""free_cashflow"":""DIRECT_WITH_DERIVED_CHECK:operating_cashflow + capex""}",-442543.0,,Q3,2021,-619458.0,747172.0,-407905.0,-619458.0,-442543.0,2021-09-30,,25059,,3706436.0,1583511.0,BNC,,V3_PHASE3C2_LEGACY_DEEP_HISTORY_2026-08-23T074231Z,2026-08-23T074231Z
2026-08-23T16:02:25Z,LEGACY,-53341.0,2159608.0,2026-08-23T074231Z,,"{""free_cashflow"":""DERIVED:operating_cashflow + capex""}",-966300.0,,Q4,2021,-1499271.0,551893.0,-401892.0,-1445930.0,-966300.0,2021-12-31,2023-03-28,25058,,3056088.0,1582869.0,BNC,,V3_PHASE4B_DIRECT_RECOVERY_20260823T160224Z,2026-08-23T16:02:25Z
2026-08-23T074231Z,LEGACY,-13948.0,22033664.0,2026-08-23T074231Z,,"{""free_cashflow"":""DIRECT_WITH_DERIVED_CHECK:operating_cashflow + capex""}",-1611202.0,,Q1,2022,178909.0,90508.0,-1422942.0,192857.0,-1611202.0,2022-03-31,,25057,,1744427.0,4622427.0,BNC,,V3_PHASE3C2_LEGACY_DEEP_HISTORY_2026-08-23T074231Z,2026-08-23T074231Z
2026-08-23T074231Z,LEGACY,0.0,20611388.0,2026-08-23T074231Z,,"{""free_cashflow"":""DIRECT_WITH_DERIVED_CHECK:operating_cashflow + capex""}",-1771186.0,,Q2,2022,-1424526.0,306239.0,-1760586.0,-1424526.0,-1771186.0,2022-06-30,,25056,,3014885.0,7801211.0,BNC,,V3_PHASE3C2_LEGACY_DEEP_HISTORY_2026-08-23T074231Z,2026-08-23T074231Z
2026-08-23T074231Z,LEGACY,-16400.0,21083549.0,2026-08-23T074231Z,,"{""free_cashflow"":""DIRECT_WITH_DERIVED_CHECK:operating_cashflow + capex""}",-1059133.0,,Q3,2022,472161.0,597191.0,-1042050.0,488561.0,-1059133.0,2022-09-30,,25055,,5063079.0,7953974.0,BNC,,V3_PHASE3C2_LEGACY_DEEP_HISTORY_2026-08-23T074231Z,2026-08-23T074231Z
2026-08-23T16:02:25Z,LEGACY,0.0,18637114.0,2026-08-23T074231Z,,"{""free_cashflow"":""DERIVED:operating_cashflow + capex""}",-1282326.0,,Q4,2022,-2446435.0,151002.0,-1271597.0,-2446435.0,-1282326.0,2022-12-31,2024-03-29,25054,,1460798.0,7094410.0,BNC,,V3_PHASE4B_DIRECT_RECOVERY_20260823T160224Z,2026-08-23T16:02:25Z
2026-08-23T074231Z,LEGACY,,15948077.0,2026-08-23T074231Z,,,-446162.0,,Q1,2023,,853276.0,-431438.0,-2689237.0,-446162.0,2023-03-31,,25053,,4682573.0,8071731.0,BNC,,V3_PHASE3C2_LEGACY_DEEP_HISTORY_2026-08-23T074231Z,2026-08-23T074231Z
2026-08-23T074231Z,LEGACY,,14197485.0,2026-08-23T074231Z,,,-704628.0,,Q2,2023,,78693.0,-693575.0,-1750592.0,-704628.0,2023-06-30,,25052,,1063714.0,673031.0,BNC,,V3_PHASE3C2_LEGACY_DEEP_HISTORY_2026-08-23T074231Z,2026-08-23T074231Z
2026-08-23T074231Z,LEGACY,,13342805.0,2026-08-23T074231Z,,,-807062.0,,Q3,2023,,-104063.0,-799019.0,-854680.0,-807062.0,2023-09-30,,25051,,913571.0,673031.0,BNC,,V3_PHASE3C2_LEGACY_DEEP_HISTORY_2026-08-23T074231Z,2026-08-23T074231Z
2026-08-23T074231Z,LEGACY,,11598836.0,2026-08-23T074231Z,,,-923809.0,,Q1,2024,,-154375.0,-916603.0,-909415.0,-923809.0,2024-03-31,,25050,,234506.0,684328.0,BNC,,V3_PHASE3C2_LEGACY_DEEP_HISTORY_2026-08-23T074231Z,2026-08-23T074231Z
2026-08-23T074231Z,LEGACY,,11325387.0,2026-08-23T074231Z,,,-477205.0,,Q2,2024,,179800.0,-470299.0,-273449.0,-477205.0,2024-06-30,,25049,,1760700.0,711530.0,BNC,,V3_PHASE3C2_LEGACY_DEEP_HISTORY_2026-08-23T074231Z,2026-08-23T074231Z
2026-08-23T074231Z,LEGACY,0.0,10295159.0,2026-08-23T074231Z,,"{""free_cashflow"":""DIRECT_WITH_DERIVED_CHECK:operating_cashflow + capex""}",-746672.0,,Q3,2024,-1030228.0,-70153.0,-740403.0,-1030228.0,-746672.0,2024-09-30,,25048,,390817.0,791580.0,BNC,,V3_PHASE3C2_LEGACY_DEEP_HISTORY_2026-08-23T074231Z,2026-08-23T074231Z
2026-08-22T00:00:00Z,LEGACY,0.0,9452826.0,2026-08-22T00:00:00Z,,,-1024398.0,-1020661.0,Q4,2024,-842333.0,-174896.0,-1018638.0,-842333.0,-1024398.0,2024-12-31,2025-03-27,1827,,417447.0,41173850.0,BNC,269798.0,V3_PHASE3C_LEGACY_EXISTING_Q_ENRICHMENT_20260822T000000Z,2026-08-22T00:00:00Z
2026-08-22T00:00:00Z,YAHOO,,8707353.0,2026-08-22T00:00:00Z,,,-1073837.0,-1072705.0,Q1,2026,-745473.0,39287.0,-1068578.0,-745473.0,-1073837.0,2025-03-31,2025-05-15,1828,,713460.0,802346.0,BNC,239189.0,V3_PHASE3B_U_REFINED_YAHOO_SEED_20260822T000000Z,2026-08-22T00:00:00Z
2026-08-23T16:02:25Z,LEGACY,9314.0,32535255.0,2026-08-22T00:00:00Z,,,302196498.0,302196498.0,Q2,2026,-24105242.0,2093257.0,283642773.0,-24114556.0,-24228370.0,2025-10-31,2025-12-15,1830,,7143485.0,45321002.0,BNC,7574530.0,V3_PHASE4B_DIRECT_RECOVERY_20260823T160224Z,2026-08-23T16:02:25Z
2026-08-23T16:02:25Z,LEGACY,-123.0,11323024.0,2026-08-22T00:00:00Z,,,-124806023.0,-124806023.0,Q3,2026,-7992909.0,1763297.0,-106572140.0,-7992786.0,-4518726.0,2026-01-31,2026-06-23,1831,,7334626.0,43673955.0,BNC,3757931.0,V3_PHASE4B_DIRECT_RECOVERY_20260823T160224Z,2026-08-23T16:02:25Z
2026-08-23T074231Z,LEGACY,,3061000.0,2026-08-22T00:00:00Z,,,,,Q4,2026,,,,,,2026-04-30,2026-06-23,1832,,2927689.0,42607962.0,BNC,2506000.0,V3_PHASE3C2_LEGACY_DEEP_HISTORY_2026-08-23T074231Z,2026-08-23T074231Z
2026-08-23T074231Z,LEGACY,,,2026-08-23T074231Z,,,,,Q4,2020,,,,,,2020-12-27,2024-02-27,26316,,,,CAVA,,V3_PHASE3C2_LEGACY_DEEP_HISTORY_2026-08-23T074231Z,2026-08-23T074231Z
2026-08-23T16:02:25Z,V2,-39097000.0,,2026-08-23T074231Z,,"{""free_cashflow"":""DIRECT_WITH_DERIVED_CHECK:operating_cashflow + capex""}",-2252000.0,15541000.0,Q1,2023,-13418000.0,50564000.0,-2141000.0,25679000.0,-2252000.0,2023-04-16,2023-05-29,26313,,203083000.0,1647000.0,CAVA,,V3_PHASE4B_DIRECT_RECOVERY_20260823T160224Z,2026-08-23T16:02:25Z
2026-08-23T16:02:25Z,V2,-31242000.0,332428000.0,2026-08-23T074231Z,,"{""free_cashflow"":""DERIVED:operating_cashflow + capex""}",-1580000.0,12281000.0,Q4,2023,-7229000.0,187434000.0,2049000.0,24013000.0,-1580000.0,2023-12-31,2024-02-26,26312,,177170000.0,63448000.0,CAVA,,V3_PHASE4B_DIRECT_RECOVERY_20260823T160224Z,2026-08-23T16:02:25Z
2026-08-23T09:28:17Z,V2,-26195000.0,343748000.0,2026-08-23T074231Z,,,16144000.0,30777000.0,Q2,2024,22714000.0,62360000.0,19741000.0,48909000.0,16144000.0,2024-07-14,2024-08-22,26311,,233495000.0,118291000.0,CAVA,,V3_PHASE3C3_V2_RESIDUAL_EXISTING_Q_2026-08-23T092817Z,2026-08-23T09:28:17Z
2026-08-23T09:28:17Z,V2,-20507000.0,367160000.0,2026-08-23T074231Z,,,13768000.0,29998000.0,Q3,2024,23372000.0,62647000.0,17966000.0,43879000.0,13768000.0,2024-10-06,2024-11-12,26310,,243817000.0,118430000.0,CAVA,,V3_PHASE3C3_V2_RESIDUAL_EXISTING_Q_2026-08-23T092817Z,2026-08-23T09:28:17Z
2026-08-22T00:00:00Z,V2,-35875000.0,369267000.0,2026-08-22T00:00:00Z,,,21858000.0,42669000.0,Q1,2025,2702000.0,84063000.0,25707000.0,38577000.0,21858000.0,2025-03-31,2025-05-15,2155,,331826000.0,116806198.0,CAVA,,V3_PHASE3C_V2_ENRICHMENT_20260822T000000Z,2026-08-22T00:00:00Z
2026-08-22T00:00:00Z,YAHOO,-41119000.0,290172000.0,2026-08-22T00:00:00Z,,"{""free_cashflow"":""DIRECT_WITH_DERIVED_CHECK:operating_cashflow + capex""}",25815000.0,42630000.0,Q2,2025,19199000.0,74681000.0,18368000.0,60318000.0,25815000.0,2025-06-30,2025-07-13,2156,,280615000.0,115952000.0,CAVA,433837000.0,V3_PHASE3B_U_REFINED_YAHOO_SEED_20260822T000000Z,2026-08-22T00:00:00Z
2026-08-22T00:00:00Z,YAHOO,-44270000.0,284570000.0,2026-08-22T00:00:00Z,,"{""free_cashflow"":""DIRECT_WITH_DERIVED_CHECK:operating_cashflow + capex""}",23239000.0,40867000.0,Q3,2025,1372000.0,72366000.0,14747000.0,45642000.0,23239000.0,2025-09-30,2025-11-05,2157,,292238000.0,115985000.0,CAVA,443344000.0,V3_PHASE3B_U_REFINED_YAHOO_SEED_20260822T000000Z,2026-08-22T00:00:00Z
2026-08-22T00:00:00Z,YAHOO,-37435000.0,282917000.0,2026-08-22T00:00:00Z,,"{""free_cashflow"":""DIRECT_WITH_DERIVED_CHECK:operating_cashflow + capex""}",8432000.0,26839000.0,Q4,2025,2868000.0,59357000.0,4921000.0,40303000.0,8432000.0,2025-12-31,2026-02-25,2158,,274985000.0,116127000.0,CAVA,466248000.0,V3_PHASE3B_U_REFINED_YAHOO_SEED_20260822T000000Z,2026-08-22T00:00:00Z
2026-08-22T00:00:00Z,YAHOO,-48581000.0,295771000.0,2026-08-22T00:00:00Z,,"{""free_cashflow"":""DIRECT_WITH_DERIVED_CHECK:operating_cashflow + capex""}",34136000.0,59602000.0,Q1,2026,15484000.0,111192000.0,23566000.0,64065000.0,34136000.0,2026-03-31,2026-05-19,2159,,438270000.0,116409000.0,CAVA,498487000.0,V3_PHASE3B_U_REFINED_YAHOO_SEED_20260822T000000Z,2026-08-22T00:00:00Z
2026-08-24T09:24:02.702073+00:00,LEGACY,-13647000.0,44609000.0,2026-08-23T074231Z,,"{""artifact_research_run"": ""PHASE4C2F_EVIDENCE_BASED_GATE_REFINEMENT"", ""formula_id"": ""EBIT_PLUS_DA_COMBINED"", ""formula_version"": ""1"", ""phase"": ""4C-3"", ""production_class"": ""AUTO_STRONG"", ""q_applicability"": ""STRONG_Q1_Q3"", ""semantic_class"": ""SEMANTIC_A_OR_B_HISTORIC_STRICT"", ""source_mode"": ""STRICT_4C2D_AUTO_STRONG"", ""statistical_class"": ""STAT_HIGH""}",133476000.0,144545000.0,Q1,2018,70029000.0,299865000.0,88827000.0,83676000.0,133476000.0,2018-03-25,2018-04-26,32999,,785371000.0,44377509.0,DPZ,,V3_PHASE4C3_EBIT_EBITDA_PRODUCTION_APPLY_20260824T092352Z,2026-08-24T09:24:02.702073+00:00
2026-08-24T09:24:02.702073+00:00,LEGACY,-23643000.0,157788000.0,2026-08-23T074231Z,,"{""artifact_research_run"": ""PHASE4C2F_EVIDENCE_BASED_GATE_REFINEMENT"", ""formula_id"": ""EBIT_PLUS_DA_COMBINED"", ""formula_version"": ""1"", ""phase"": ""4C-3"", ""production_class"": ""AUTO_STRONG"", ""q_applicability"": ""STRONG_Q1_Q3"", ""semantic_class"": ""SEMANTIC_A_OR_B_HISTORIC_STRICT"", ""source_mode"": ""STRICT_4C2D_AUTO_STRONG"", ""statistical_class"": ""STAT_HIGH""}",126145000.0,138385000.0,Q2,2018,47393000.0,293580000.0,77408000.0,71036000.0,126145000.0,2018-06-17,2018-07-19,32998,,779396000.0,43582996.0,DPZ,,V3_PHASE4C3_EBIT_EBITDA_PRODUCTION_APPLY_20260824T092352Z,2026-08-24T09:24:02.702073+00:00
2026-08-24T09:24:02.702073+00:00,LEGACY,-27784000.0,84600000.0,2026-08-23T074231Z,,"{""artifact_research_run"": ""PHASE4C2F_EVIDENCE_BASED_GATE_REFINEMENT"", ""formula_id"": ""EBIT_PLUS_DA_COMBINED"", ""formula_version"": ""1"", ""phase"": ""4C-3"", ""production_class"": ""AUTO_STRONG"", ""q_applicability"": ""STRONG_Q1_Q3"", ""semantic_class"": ""SEMANTIC_A_OR_B_HISTORIC_STRICT"", ""source_mode"": ""STRICT_4C2D_AUTO_STRONG"", ""statistical_class"": ""STAT_HIGH""}",132432000.0,144892000.0,Q3,2018,80023000.0,295279000.0,84095000.0,107807000.0,132432000.0,2018-09-09,2018-10-16,32997,,785965000.0,43067191.0,DPZ,,V3_PHASE4C3_EBIT_EBITDA_PRODUCTION_APPLY_20260824T092352Z,2026-08-24T09:24:02.702073+00:00
2026-08-23T16:02:25Z,LEGACY,-54814000.0,25438000.0,2026-08-23T074231Z,,"{""free_cashflow"":""DERIVED:operating_cashflow + capex""}",179636000.0,,Q4,2018,76838000.0,,,131652000.0,179636000.0,2018-12-30,2019-02-21,32996,,3432867000.0,43331278.0,DPZ,,V3_PHASE4B_DIRECT_RECOVERY_20260823T160224Z,2026-08-23T16:02:25Z
2026-08-24T09:24:02.702073+00:00,LEGACY,-12222000.0,83114000.0,2026-08-23T074231Z,,"{""artifact_research_run"": ""PHASE4C2F_EVIDENCE_BASED_GATE_REFINEMENT"", ""formula_id"": ""EBIT_PLUS_DA_COMBINED"", ""formula_version"": ""1"", ""phase"": ""4C-3"", ""production_class"": ""AUTO_STRONG"", ""q_applicability"": ""STRONG_Q1_Q3"", ""semantic_class"": ""SEMANTIC_A_OR_B_HISTORIC_STRICT"", ""source_mode"": ""STRICT_4C2D_AUTO_STRONG"", ""statistical_class"": ""STAT_HIGH""}",143504000.0,157294000.0,Q1,2019,84776000.0,322289000.0,92650000.0,96998000.0,143504000.0,2019-03-24,2019-04-24,32995,,835963000.0,42202429.0,DPZ,,V3_PHASE4C3_EBIT_EBITDA_PRODUCTION_APPLY_20260824T092352Z,2026-08-24T09:24:02.702073+00:00
2026-08-24T09:24:02.702073+00:00,LEGACY,-13486000.0,108259000.0,2026-08-23T074231Z,,"{""artifact_research_run"": ""PHASE4C2F_EVIDENCE_BASED_GATE_REFINEMENT"", ""formula_id"": ""EBIT_PLUS_DA_COMBINED"", ""formula_version"": ""1"", ""phase"": ""4C-3"", ""production_class"": ""AUTO_STRONG"", ""q_applicability"": ""STRONG_Q1_Q3"", ""semantic_class"": ""SEMANTIC_A_OR_B_HISTORIC_STRICT"", ""source_mode"": ""STRICT_4C2D_AUTO_STRONG"", ""statistical_class"": ""STAT_HIGH""}",138923000.0,152983000.0,Q2,2019,91069000.0,316671000.0,92359000.0,104555000.0,138923000.0,2019-06-16,2019-07-16,32994,,811647000.0,42236507.0,DPZ,,V3_PHASE4C3_EBIT_EBITDA_PRODUCTION_APPLY_20260824T092352Z,2026-08-24T09:24:02.702073+00:00
2026-08-23T09:28:17Z,V2,-16968000.0,66706000.0,2026-08-23T074231Z,,,143029000.0,156161000.0,Q3,2019,106075000.0,316251000.0,86373000.0,123043000.0,143029000.0,2019-09-08,2019-10-08,32993,,820812000.0,42040291.0,DPZ,3443036000.0,V3_PHASE3C3_V2_RESIDUAL_EXISTING_Q_2026-08-23T092817Z,2026-08-23T09:28:17Z
2026-08-23T16:02:25Z,LEGACY,-42889000.0,190615000.0,2026-08-23T074231Z,,"{""free_cashflow"":""DERIVED:operating_cashflow + capex""}",203951000.0,222899000.0,Q4,2019,129465000.0,447288000.0,129327000.0,172354000.0,203951000.0,2019-12-29,2020-02-20,32992,,1150352000.0,41923062.0,DPZ,4114449000.0,V3_PHASE4B_DIRECT_RECOVERY_20260823T160224Z,2026-08-23T16:02:25Z
2026-08-23T09:28:17Z,V2,-17467000.0,200801000.0,2026-08-23T074231Z,,,155834000.0,169866000.0,Q1,2020,77891000.0,340157000.0,121602000.0,95358000.0,155834000.0,2020-03-22,2020-04-23,32991,,873102000.0,39633404.0,DPZ,4104588000.0,V3_PHASE3C3_V2_RESIDUAL_EXISTING_Q_2026-08-23T092817Z,2026-08-23T09:28:17Z
2026-08-23T09:28:17Z,V2,-16265000.0,247952000.0,2026-08-23T074231Z,,,163583000.0,178340000.0,Q2,2020,100205000.0,357091000.0,118668000.0,116470000.0,163583000.0,2020-06-14,2020-07-16,32990,,920023000.0,39746479.0,DPZ,4171575000.0,V3_PHASE3C3_V2_RESIDUAL_EXISTING_Q_2026-08-23T092817Z,2026-08-23T09:28:17Z
2026-08-23T09:28:17Z,V2,-17431000.0,330719000.0,2026-08-23T074231Z,,,162181000.0,177508000.0,Q3,2020,141140000.0,361981000.0,99129000.0,158571000.0,162181000.0,2020-09-06,2020-10-08,32989,,967719000.0,39791805.0,DPZ,4105837000.0,V3_PHASE3C3_V2_RESIDUAL_EXISTING_Q_2026-08-23T092817Z,2026-08-23T09:28:17Z
2026-08-23T16:02:25Z,LEGACY,-37605000.0,168821000.0,2026-08-23T074231Z,,"{""free_cashflow"":""DERIVED:operating_cashflow + capex""}",244044000.0,264966000.0,Q4,2020,184790000.0,535264000.0,151897000.0,222395000.0,244044000.0,2021-01-03,2021-02-25,32988,,1356567000.0,39640791.0,DPZ,4118873000.0,V3_PHASE4B_DIRECT_RECOVERY_20260823T160224Z,2026-08-23T16:02:25Z
2026-08-23T09:28:17Z,V2,-16561000.0,267719000.0,2026-08-23T074231Z,,,186538000.0,203003000.0,Q1,2021,136290000.0,389151000.0,117761000.0,152851000.0,186538000.0,2021-03-28,2021-04-29,32986,,983698000.0,39208383.0,DPZ,4119789000.0,V3_PHASE3C3_V2_RESIDUAL_EXISTING_Q_2026-08-23T092817Z,2026-08-23T09:28:17Z
2026-08-23T09:28:17Z,V2,-16602000.0,292095000.0,2026-08-23T074231Z,,,190902000.0,208078000.0,Q2,2021,125962000.0,407690000.0,116619000.0,142564000.0,190902000.0,2021-06-20,2021-07-22,32985,,1032472000.0,38122515.0,DPZ,5081534000.0,V3_PHASE3C3_V2_RESIDUAL_EXISTING_Q_2026-08-23T092817Z,2026-08-23T09:28:17Z
2026-08-23T09:28:17Z,V2,-17489000.0,295352000.0,2026-08-23T074231Z,,,180280000.0,196858000.0,Q3,2021,171697000.0,385200000.0,120402000.0,189186000.0,180280000.0,2021-09-12,2021-10-14,32984,,997990000.0,37130209.0,DPZ,5069551000.0,V3_PHASE3C3_V2_RESIDUAL_EXISTING_Q_2026-08-23T092817Z,2026-08-23T09:28:17Z
2026-08-23T16:02:25Z,LEGACY,-43520000.0,148160000.0,2026-08-23T074231Z,,"{""free_cashflow"":""DERIVED:operating_cashflow + capex""}",222688000.0,245392000.0,Q4,2021,126085000.0,506201000.0,155685000.0,169605000.0,222688000.0,2022-01-02,2022-03-01,32983,,1343213000.0,37691351.0,DPZ,5070226000.0,V3_PHASE4B_DIRECT_RECOVERY_20260823T160224Z,2026-08-23T16:02:25Z
2026-08-23T09:28:17Z,V2,-12454000.0,164962000.0,2026-08-23T074231Z,,,164541000.0,183517000.0,Q1,2022,66335000.0,368624000.0,90964000.0,78789000.0,164541000.0,2022-03-27,2022-04-28,32982,,1011149000.0,36435038.0,DPZ,5057724000.0,V3_PHASE3C3_V2_RESIDUAL_EXISTING_Q_2026-08-23T092817Z,2026-08-23T09:28:17Z
2026-08-23T16:02:25Z,V2,-17844000.0,114776000.0,2026-08-23T074231Z,,"{""free_cashflow"":""DIRECT_WITH_DERIVED_CHECK:operating_cashflow + capex""}",176452000.0,232478000.0,Q3,2022,158895000.0,381850000.0,100504000.0,176739000.0,176452000.0,2022-09-11,2022-10-13,32981,,1068596000.0,36062316.0,DPZ,5153079000.0,V3_PHASE4B_DIRECT_RECOVERY_20260823T160224Z,2026-08-23T16:02:25Z
2026-08-23T16:02:25Z,V2,4363000.0,60356000.0,2026-08-23T074231Z,,,767925000.0,251870000.0,Q4,2022,149526000.0,511867000.0,158302000.0,145163000.0,767925000.0,2022-12-31,2025-02-24,32980,,1392231000.0,,DPZ,5022233000.0,V3_PHASE4B_DIRECT_RECOVERY_20260823T160224Z,2026-08-23T16:02:25Z
2026-08-23T09:28:17Z,V2,-19031000.0,154193000.0,2026-08-23T074231Z,,,177483000.0,195802000.0,Q1,2023,95651000.0,385547000.0,104770000.0,114682000.0,177483000.0,2023-03-26,2023-04-27,32979,,1024398000.0,35708938.0,DPZ,5010456000.0,V3_PHASE3C3_V2_RESIDUAL_EXISTING_Q_2026-08-23T092817Z,2026-08-23T09:28:17Z
2026-08-23T09:28:17Z,V2,-18949000.0,77020000.0,2026-08-23T074231Z,,,195403000.0,213964000.0,Q2,2023,108660000.0,404656000.0,109380000.0,127609000.0,195403000.0,2023-06-18,2023-07-24,32978,,1024627000.0,35492423.0,DPZ,5000423000.0,V3_PHASE3C3_V2_RESIDUAL_EXISTING_Q_2026-08-23T092817Z,2026-08-23T09:28:17Z
2026-08-24T09:24:02.702073+00:00,LEGACY,-21291000.0,80879000.0,2026-08-23T074231Z,,"{""artifact_research_run"": ""PHASE4C2F_EVIDENCE_BASED_GATE_REFINEMENT"", ""formula_id"": ""EBIT_PLUS_DA_COMBINED"", ""formula_version"": ""1"", ""phase"": ""4C-3"", ""production_class"": ""AUTO_STRONG"", ""q_applicability"": ""STRONG_Q1_Q3"", ""semantic_class"": ""SEMANTIC_A_OR_B_HISTORIC_STRICT"", ""source_mode"": ""STRICT_4C2D_AUTO_STRONG"", ""statistical_class"": ""STAT_HIGH""}",189432000.0,207700000.0,Q3,2023,158548000.0,398169000.0,147676000.0,179839000.0,189432000.0,2023-09-10,2023-10-12,32977,,1027361000.0,35357043.0,DPZ,,V3_PHASE4C3_EBIT_EBITDA_PRODUCTION_APPLY_20260824T092352Z,2026-08-24T09:24:02.702073+00:00
2026-08-23T09:28:17Z,V2,-20181000.0,203894000.0,2026-08-23T074231Z,,,210413000.0,230415000.0,Q1,2024,103283000.0,421870000.0,125824000.0,123464000.0,210413000.0,2024-03-24,2024-04-29,32976,,1084647000.0,35154232.0,DPZ,4978678000.0,V3_PHASE3C3_V2_RESIDUAL_EXISTING_Q_2026-08-23T092817Z,2026-08-23T09:28:17Z
2026-08-23T09:28:17Z,V2,-23502000.0,283699000.0,2026-08-23T074231Z,,,196103000.0,216477000.0,Q2,2024,127184000.0,437031000.0,141978000.0,150686000.0,196103000.0,2024-06-16,2024-07-18,32975,,1097736000.0,35224080.0,DPZ,4978614000.0,V3_PHASE3C3_V2_RESIDUAL_EXISTING_Q_2026-08-23T092817Z,2026-08-23T09:28:17Z
2026-08-24T09:24:02.702073+00:00,LEGACY,-27118000.0,189084000.0,2026-08-23T074231Z,,"{""artifact_research_run"": ""PHASE4C2F_EVIDENCE_BASED_GATE_REFINEMENT"", ""formula_id"": ""EBIT_PLUS_DA_COMBINED"", ""formula_version"": ""1"", ""phase"": ""4C-3"", ""production_class"": ""AUTO_STRONG"", ""q_applicability"": ""STRONG_Q1_Q3"", ""semantic_class"": ""SEMANTIC_A_OR_B_HISTORIC_STRICT"", ""source_mode"": ""STRICT_4C2D_AUTO_STRONG"", ""statistical_class"": ""STAT_HIGH""}",198831000.0,219587000.0,Q3,2024,145611000.0,423747000.0,146924000.0,172729000.0,198831000.0,2024-09-08,2024-10-10,32974,,1080119000.0,35039408.0,DPZ,,V3_PHASE4C3_EBIT_EBITDA_PRODUCTION_APPLY_20260824T092352Z,2026-08-24T09:24:02.702073+00:00
2026-08-23T09:28:17Z,V2,-14745000.0,304320000.0,2026-08-23T074231Z,,,210095000.0,230457000.0,Q1,2025,164331000.0,443147000.0,149651000.0,179076000.0,210095000.0,2025-03-23,2025-04-28,32973,,1112056000.0,34553820.0,DPZ,4975759000.0,V3_PHASE3C3_V2_RESIDUAL_EXISTING_Q_2026-08-23T092817Z,2026-08-23T09:28:17Z
2026-08-22T00:00:00Z,V2,-20486000.0,272859000.0,2026-08-22T00:00:00Z,,,212899000.0,233250000.0,Q2,2025,167298000.0,460970000.0,131091000.0,187784000.0,221161000.0,2025-06-30,2025-07-21,3702,,1145144000.0,33081735.0,DPZ,4975836000.0,V3_PHASE3C_V2_ENRICHMENT_20260822T000000Z,2026-08-22T00:00:00Z
2026-08-22T00:00:00Z,YAHOO,-21436000.0,139728000.0,2026-08-22T00:00:00Z,,"{""free_cashflow"":""DIRECT_WITH_DERIVED_CHECK:operating_cashflow + capex""}",224211000.0,244626000.0,Q3,2025,163960000.0,459902000.0,139319000.0,185396000.0,223168000.0,2025-09-30,2025-10-14,3703,,1147054000.0,33786218.0,DPZ,5051715000.0,V3_PHASE3B_U_REFINED_YAHOO_SEED_20260822T000000Z,2026-08-22T00:00:00Z
2026-08-22T00:00:00Z,YAHOO,-63891000.0,125675000.0,2026-08-22T00:00:00Z,,"{""free_cashflow"":""DIRECT_WITH_DERIVED_CHECK:operating_cashflow + capex""}",291133000.0,318832000.0,Q4,2025,175915000.0,609541000.0,181643000.0,239806000.0,295522000.0,2025-12-31,2026-02-23,3704,,1535740000.0,33627992.0,DPZ,5048284000.0,V3_PHASE3B_U_REFINED_YAHOO_SEED_20260822T000000Z,2026-08-22T00:00:00Z
2026-08-22T00:00:00Z,YAHOO,-15043000.0,232922000.0,2026-08-22T00:00:00Z,,"{""free_cashflow"":""DIRECT_WITH_DERIVED_CHECK:operating_cashflow + capex""}",226869000.0,247303000.0,Q1,2026,146912000.0,464512000.0,139811000.0,161955000.0,222577000.0,2026-03-31,2026-04-27,3705,,1150594000.0,33503323.0,DPZ,5135773000.0,V3_PHASE3B_U_REFINED_YAHOO_SEED_20260822T000000Z,2026-08-22T00:00:00Z
2026-08-22T00:00:00Z,YAHOO,-23965000.0,164836000.0,2026-08-22T00:00:00Z,,"{""free_cashflow"":""DIRECT_WITH_DERIVED_CHECK:operating_cashflow + capex""}",221286000.0,241633000.0,Q2,2026,166683000.0,478228000.0,135750000.0,190648000.0,227952000.0,2026-05-31,2026-07-20,3706,,1194427000.0,33068845.0,DPZ,5122853000.0,V3_PHASE3B_U_REFINED_YAHOO_SEED_20260822T000000Z,2026-08-22T00:00:00Z
2026-08-23T074231Z,LEGACY,-11298000.0,7660000.0,2026-08-23T074231Z,,"{""free_cashflow"":""DIRECT_WITH_DERIVED_CHECK:operating_cashflow + capex""}",3485000.0,,Q3,2018,2666000.0,19806000.0,16088000.0,13964000.0,3485000.0,2018-02-25,2018-04-03,46467,,144909000.0,27918000.0,LFCR,43535000.0,V3_PHASE3C2_LEGACY_DEEP_HISTORY_2026-08-23T074231Z,2026-08-23T074231Z
2026-08-24T09:24:02.702073+00:00,LEGACY,-12855000.0,2899000.0,2026-08-23T074231Z,,"{""artifact_research_run"": ""PHASE4C2F_EVIDENCE_BASED_GATE_REFINEMENT"", ""formula_id"": ""DA_COMBINED"", ""formula_version"": ""1"", ""phase"": ""4C-3"", ""production_class"": ""AUTO_STRONG_LOW_SAMPLE_Q4"", ""q_applicability"": ""AUTO_STRONG_LOW_SAMPLE_Q4"", ""semantic_class"": ""SEMANTIC_A"", ""source_mode"": ""DERIVED_CANONICAL_EBIT_PLUS_SEC_DA"", ""statistical_class"": ""STAT_FAIL""}",8072000.0,11408000.0,Q4,2018,-13376000.0,24809000.0,6108000.0,-521000.0,8072000.0,2018-05-27,2018-07-31,46466,,141076000.0,27915000.0,LFCR,42300000.0,V3_PHASE4C3_EBIT_EBITDA_PRODUCTION_APPLY_20260824T092352Z,2026-08-24T09:24:02.702073+00:00
2026-08-23T074231Z,LEGACY,-14440000.0,1359000.0,2026-08-23T074231Z,,"{""free_cashflow"":""DIRECT_WITH_DERIVED_CHECK:operating_cashflow + capex""}",-257000.0,,Q1,2019,-12254000.0,16337000.0,190000.0,2186000.0,-257000.0,2018-08-26,2018-10-02,46465,,124668000.0,28020000.0,LFCR,41065000.0,V3_PHASE3C2_LEGACY_DEEP_HISTORY_2026-08-23T074231Z,2026-08-23T074231Z
2026-08-23T074231Z,LEGACY,-4148000.0,1514000.0,2026-08-23T074231Z,,"{""free_cashflow"":""DIRECT_WITH_DERIVED_CHECK:operating_cashflow + capex""}",10000.0,,Q2,2019,-1531000.0,16885000.0,-585000.0,2617000.0,10000.0,2018-11-25,2019-01-03,46464,,124557000.0,27764000.0,LFCR,39829000.0,V3_PHASE3C2_LEGACY_DEEP_HISTORY_2026-08-23T074231Z,2026-08-23T074231Z
2026-08-23T074231Z,LEGACY,-14556000.0,1722000.0,2026-08-23T074231Z,,"{""free_cashflow"":""DIRECT_WITH_DERIVED_CHECK:operating_cashflow + capex""}",3242000.0,,Q3,2019,-1910000.0,21569000.0,1067000.0,12646000.0,3242000.0,2019-02-24,2019-04-03,46463,,155554000.0,29151000.0,LFCR,99428000.0,V3_PHASE3C2_LEGACY_DEEP_HISTORY_2026-08-23T074231Z,2026-08-23T074231Z
2026-08-24T09:24:02.702073+00:00,LEGACY,-11590000.0,1080000.0,2026-08-23T074231Z,,"{""artifact_research_run"": ""PHASE4C2F_EVIDENCE_BASED_GATE_REFINEMENT"", ""formula_id"": ""DA_COMBINED"", ""formula_version"": ""1"", ""phase"": ""4C-3"", ""production_class"": ""AUTO_STRONG_LOW_SAMPLE_Q4"", ""q_applicability"": ""AUTO_STRONG_LOW_SAMPLE_Q4"", ""semantic_class"": ""SEMANTIC_A"", ""source_mode"": ""DERIVED_CANONICAL_EBIT_PLUS_SEC_DA"", ""statistical_class"": ""STAT_FAIL""}",2480000.0,7204000.0,Q4,2019,-13019000.0,26212000.0,-262000.0,-1429000.0,2480000.0,2019-05-26,2019-07-30,46462,,152780000.0,28607000.0,LFCR,96984000.0,V3_PHASE4C3_EBIT_EBITDA_PRODUCTION_APPLY_20260824T092352Z,2026-08-24T09:24:02.702073+00:00
2026-08-23T074231Z,LEGACY,-9981000.0,1990000.0,2026-08-23T074231Z,,"{""free_cashflow"":""DIRECT_WITH_DERIVED_CHECK:operating_cashflow + capex""}",-4380000.0,,Q1,2020,-15420000.0,15336000.0,-4784000.0,-5439000.0,-4380000.0,2019-08-25,2019-10-01,46461,,,29139000.0,LFCR,94539000.0,V3_PHASE3C2_LEGACY_DEEP_HISTORY_2026-08-23T074231Z,2026-08-23T074231Z
2026-08-23T074231Z,LEGACY,-6048000.0,1594000.0,2026-08-23T074231Z,,"{""free_cashflow"":""DIRECT_WITH_DERIVED_CHECK:operating_cashflow + capex""}",-6036000.0,,Q2,2020,-15531000.0,15514000.0,-6740000.0,-9483000.0,-6036000.0,2019-11-24,2020-01-02,46460,,,29155000.0,LFCR,119193000.0,V3_PHASE3C2_LEGACY_DEEP_HISTORY_2026-08-23T074231Z,2026-08-23T074231Z
2026-08-23T074231Z,LEGACY,-6089000.0,2607000.0,2026-08-23T074231Z,,"{""free_cashflow"":""DIRECT_WITH_DERIVED_CHECK:operating_cashflow + capex""}",-15011000.0,,Q3,2020,4495000.0,20047000.0,-11518000.0,10584000.0,-15011000.0,2020-02-23,2020-03-31,46459,,,29170000.0,LFCR,116262000.0,V3_PHASE3C2_LEGACY_DEEP_HISTORY_2026-08-23T074231Z,2026-08-23T074231Z
2026-08-24T09:24:02.702073+00:00,LEGACY,-4568000.0,360000.0,2026-08-23T074231Z,,"{""artifact_research_run"": ""PHASE4C2F_EVIDENCE_BASED_GATE_REFINEMENT"", ""formula_id"": ""DA_COMBINED"", ""formula_version"": ""1"", ""phase"": ""4C-3"", ""production_class"": ""AUTO_STRONG_LOW_SAMPLE_Q4"", ""q_applicability"": ""AUTO_STRONG_LOW_SAMPLE_Q4"", ""semantic_class"": ""SEMANTIC_A"", ""source_mode"": ""DERIVED_CANONICAL_EBIT_PLUS_SEC_DA"", ""statistical_class"": ""STAT_FAIL""}",-13110000.0,-8072000.0,Q4,2020,-17271000.0,24091000.0,-15149000.0,-12703000.0,-13110000.0,2020-05-31,2020-08-11,46458,,,29162000.0,LFCR,112917000.0,V3_PHASE4C3_EBIT_EBITDA_PRODUCTION_APPLY_20260824T092352Z,2026-08-24T09:24:02.702073+00:00
2026-08-23T074231Z,LEGACY,-4623000.0,439000.0,2026-08-23T074231Z,,"{""free_cashflow"":""DIRECT_WITH_DERIVED_CHECK:operating_cashflow + capex""}",-10602000.0,,Q1,2021,12603000.0,5294000.0,-12410000.0,17226000.0,-10602000.0,2020-08-30,2020-10-06,46457,,,29242000.0,LFCR,104946000.0,V3_PHASE3C2_LEGACY_DEEP_HISTORY_2026-08-23T074231Z,2026-08-23T074231Z
2026-08-23T074231Z,LEGACY,-2784000.0,2476000.0,2026-08-23T074231Z,,"{""free_cashflow"":""DIRECT_WITH_DERIVED_CHECK:operating_cashflow + capex""}",1374000.0,,Q2,2021,-1349000.0,10774000.0,-11623000.0,1435000.0,1374000.0,2020-11-29,2021-01-06,46456,,,29280000.0,LFCR,93189000.0,V3_PHASE3C2_LEGACY_DEEP_HISTORY_2026-08-23T074231Z,2026-08-23T074231Z
2026-08-23T074231Z,LEGACY,-3976000.0,1853000.0,2026-08-23T074231Z,,"{""free_cashflow"":""DIRECT_WITH_DERIVED_CHECK:operating_cashflow + capex""}",73000.0,,Q3,2021,-11832000.0,10930000.0,-6978000.0,-7856000.0,73000.0,2021-02-28,2021-04-07,46455,,,29323000.0,LFCR,145051000.0,V3_PHASE3C2_LEGACY_DEEP_HISTORY_2026-08-23T074231Z,2026-08-23T074231Z
2026-08-24T09:24:02.702073+00:00,LEGACY,-7881000.0,1295000.0,2026-08-23T074231Z,,"{""artifact_research_run"": ""PHASE4C2F_EVIDENCE_BASED_GATE_REFINEMENT"", ""formula_id"": ""DA_COMBINED"", ""formula_version"": ""1"", ""phase"": ""4C-3"", ""production_class"": ""AUTO_STRONG_LOW_SAMPLE_Q4"", ""q_applicability"": ""AUTO_STRONG_LOW_SAMPLE_Q4"", ""semantic_class"": ""SEMANTIC_A"", ""source_mode"": ""DERIVED_CANONICAL_EBIT_PLUS_SEC_DA"", ""statistical_class"": ""STAT_FAIL""}",11359000.0,15389000.0,Q4,2021,-3464000.0,14580000.0,-2866000.0,4417000.0,11359000.0,2021-05-30,2021-07-28,46454,,,29294000.0,LFCR,164902000.0,V3_PHASE4C3_EBIT_EBITDA_PRODUCTION_APPLY_20260824T092352Z,2026-08-24T09:24:02.702073+00:00
2026-08-23T074231Z,LEGACY,-7913000.0,1447000.0,2026-08-23T074231Z,,"{""free_cashflow"":""DIRECT_WITH_DERIVED_CHECK:operating_cashflow + capex""}",-4223000.0,,Q1,2022,-6534000.0,5545000.0,-9509000.0,1379000.0,-4223000.0,2021-08-29,2021-09-29,46453,,,29424000.0,LFCR,123833000.0,V3_PHASE3C2_LEGACY_DEEP_HISTORY_2026-08-23T074231Z,2026-08-23T074231Z
2026-08-23T074231Z,LEGACY,-5097000.0,1091000.0,2026-08-23T074231Z,,"{""free_cashflow"":""DIRECT_WITH_DERIVED_CHECK:operating_cashflow + capex""}",4140000.0,,Q2,2022,-10234000.0,14715000.0,-38521000.0,-5137000.0,4140000.0,2021-11-28,2022-01-05,46452,,,29471000.0,LFCR,124194000.0,V3_PHASE3C2_LEGACY_DEEP_HISTORY_2026-08-23T074231Z,2026-08-23T074231Z
2026-08-23T074231Z,LEGACY,18539000.0,1101000.0,2026-08-23T074231Z,,"{""free_cashflow"":""DIRECT_WITH_DERIVED_CHECK:operating_cashflow + capex""}",-8567000.0,,Q3,2022,-31000.0,12866000.0,-13086000.0,-18570000.0,-8567000.0,2022-02-27,2022-04-05,46451,,,29482000.0,LFCR,95865000.0,V3_PHASE3C2_LEGACY_DEEP_HISTORY_2026-08-23T074231Z,2026-08-23T074231Z
2026-08-24T09:24:02.702073+00:00,LEGACY,-5303000.0,1643000.0,2026-08-23T074231Z,,"{""artifact_research_run"": ""PHASE4C2F_EVIDENCE_BASED_GATE_REFINEMENT"", ""formula_id"": ""DA_COMBINED"", ""formula_version"": ""1"", ""phase"": ""4C-3"", ""production_class"": ""AUTO_STRONG_LOW_SAMPLE_Q4"", ""q_applicability"": ""AUTO_STRONG_LOW_SAMPLE_Q4"", ""semantic_class"": ""SEMANTIC_A"", ""source_mode"": ""DERIVED_CANONICAL_EBIT_PLUS_SEC_DA"", ""statistical_class"": ""STAT_FAIL""}",-41294000.0,-40967000.0,Q4,2022,-29702000.0,10424000.0,-40036000.0,-24399000.0,-41294000.0,2022-05-29,2022-08-10,46450,,,29466000.0,LFCR,98178000.0,V3_PHASE4C3_EBIT_EBITDA_PRODUCTION_APPLY_20260824T092352Z,2026-08-24T09:24:02.702073+00:00
2026-08-23T074231Z,LEGACY,-3361000.0,4222000.0,2026-08-23T074231Z,,"{""free_cashflow"":""DIRECT_WITH_DERIVED_CHECK:operating_cashflow + capex""}",-3274000.0,,Q3,2023,-4462000.0,5979000.0,-10966000.0,-1101000.0,-3274000.0,2022-08-28,2022-10-06,46449,,,29577000.0,LFCR,194434000.0,V3_PHASE3C2_LEGACY_DEEP_HISTORY_2026-08-23T074231Z,2026-08-23T074231Z
2026-08-24T09:24:02.702073+00:00,LEGACY,,19091000.0,2026-08-23T074231Z,,"{""artifact_research_run"": ""PHASE4C2F_EVIDENCE_BASED_GATE_REFINEMENT"", ""formula_id"": ""DA_COMBINED"", ""formula_version"": ""1"", ""phase"": ""4C-3"", ""production_class"": ""AUTO_STRONG_LOW_SAMPLE_Q4"", ""q_applicability"": ""AUTO_STRONG_LOW_SAMPLE_Q4"", ""semantic_class"": ""SEMANTIC_A"", ""source_mode"": ""DERIVED_CANONICAL_EBIT_PLUS_SEC_DA"", ""statistical_class"": ""STAT_FAIL""}",-6639000.0,-3746000.0,Q4,2023,,7779000.0,-39284000.0,-2262000.0,-6639000.0,2023-05-28,2023-06-01,46448,,,29958000.0,LFCR,84836000.0,V3_PHASE4C3_EBIT_EBITDA_PRODUCTION_APPLY_20260824T092352Z,2026-08-24T09:24:02.702073+00:00
2026-08-23T074231Z,LEGACY,-5054000.0,8642000.0,2026-08-23T074231Z,,"{""free_cashflow"":""DIRECT_WITH_DERIVED_CHECK:operating_cashflow + capex""}",-8614000.0,,Q1,2024,-13383000.0,2728000.0,-10754000.0,-8329000.0,-8614000.0,2023-08-27,2023-08-31,46447,,,30403392.0,LFCR,88830000.0,V3_PHASE3C2_LEGACY_DEEP_HISTORY_2026-08-23T074231Z,2026-08-23T074231Z
2026-08-23T16:02:25Z,V2,-4261000.0,8462000.0,2026-08-23T074231Z,,"{""free_cashflow"":""DIRECT_WITH_DERIVED_CHECK:operating_cashflow + capex""}",-1483000.0,,Q2,2024,-2973000.0,9957000.0,14218000.0,1288000.0,-1483000.0,2023-11-26,2024-08-26,46446,,,36419103.0,LFCR,92858000.0,V3_PHASE4B_DIRECT_RECOVERY_20260823T160224Z,2026-08-23T16:02:25Z
2026-08-23T074231Z,LEGACY,-6367000.0,,2026-08-23T074231Z,,"{""free_cashflow"":""DIRECT_WITH_DERIVED_CHECK:operating_cashflow + capex""}",-895000.0,,Q3,2024,-7785000.0,11894000.0,15632000.0,-1418000.0,-895000.0,2024-02-25,,46445,,,36608904.0,LFCR,97109000.0,V3_PHASE3C2_LEGACY_DEEP_HISTORY_2026-08-23T074231Z,2026-08-23T074231Z
2026-08-24T09:24:02.702073+00:00,LEGACY,-2713000.0,8462000.0,2026-08-23T074231Z,,"{""artifact_research_run"": ""PHASE4C2F_EVIDENCE_BASED_GATE_REFINEMENT"", ""formula_id"": ""DA_COMBINED"", ""formula_version"": ""1"", ""phase"": ""4C-3"", ""production_class"": ""AUTO_STRONG_LOW_SAMPLE_Q4"", ""q_applicability"": ""AUTO_STRONG_LOW_SAMPLE_Q4"", ""semantic_class"": ""SEMANTIC_A"", ""source_mode"": ""DERIVED_CANONICAL_EBIT_PLUS_SEC_DA"", ""statistical_class"": ""STAT_FAIL""}",2148000.0,4400000.0,Q4,2024,6003000.0,17271000.0,-7083000.0,8716000.0,2148000.0,2024-05-26,2024-08-09,46444,,,36658186.0,LFCR,101592000.0,V3_PHASE4C3_EBIT_EBITDA_PRODUCTION_APPLY_20260824T092352Z,2026-08-24T09:24:02.702073+00:00
2026-08-23T074231Z,LEGACY,-3422000.0,5520000.0,2026-08-23T074231Z,,"{""free_cashflow"":""DIRECT_WITH_DERIVED_CHECK:operating_cashflow + capex""}",-11584000.0,,Q1,2025,-4035000.0,5387000.0,-16230000.0,-613000.0,-11584000.0,2024-08-25,,46443,,24705000.0,30855742.0,LFCR,106318000.0,V3_PHASE3C2_LEGACY_DEEP_HISTORY_2026-08-23T074231Z,2026-08-23T074231Z
2026-08-22T00:00:00Z,YAHOO,-1118000.0,20795000.0,2026-08-22T00:00:00Z,,"{""free_cashflow"":""DIRECT_WITH_DERIVED_CHECK:operating_cashflow + capex""}",-7589000.0,-5279000.0,Q1,2026,3582000.0,4462000.0,-14980000.0,4700000.0,-4672000.0,2026-03-31,2026-05-06,6800,,23193000.0,37477386.0,LFCR,148741000.0,V3_PHASE3B_U_REFINED_YAHOO_SEED_20260822T000000Z,2026-08-22T00:00:00Z
2026-08-22T00:00:00Z,YAHOO,-513000.0,17241000.0,2026-08-22T00:00:00Z,,"{""free_cashflow"":""DIRECT_WITH_DERIVED_CHECK:operating_cashflow + capex""}",1618000.0,4133000.0,Q2,2026,-2702000.0,12075000.0,-6156000.0,-2189000.0,2567000.0,2026-06-30,2026-08-05,6801,,34167000.0,37697012.0,LFCR,155068000.0,V3_PHASE3B_U_REFINED_YAHOO_SEED_20260822T000000Z,2026-08-22T00:00:00Z
2026-08-23T074231Z,LEGACY,-988000.0,2055000.0,2026-08-23T074231Z,,"{""free_cashflow"":""DIRECT_WITH_DERIVED_CHECK:operating_cashflow + capex""}",743000.0,,Q3,2018,6944000.0,19918000.0,220000.0,7932000.0,743000.0,2018-03-31,2018-04-26,48112,,78843000.0,26437000.0,LYTS,45289000.0,V3_PHASE3C2_LEGACY_DEEP_HISTORY_2026-08-23T074231Z,2026-08-23T074231Z
2026-08-23T16:02:25Z,LEGACY,-1228000.0,3178000.0,2026-08-23T074231Z,,"{""free_cashflow"":""DERIVED:operating_cashflow + capex""}",-2128000.0,,Q4,2018,2383000.0,20306000.0,-2664000.0,3611000.0,-2128000.0,2018-06-30,2018-08-16,48111,,83409000.0,25866000.0,LYTS,45360000.0,V3_PHASE4B_DIRECT_RECOVERY_20260823T160224Z,2026-08-23T16:02:25Z
2026-08-23T074231Z,LEGACY,-648000.0,4162000.0,2026-08-23T074231Z,,"{""free_cashflow"":""DIRECT_WITH_DERIVED_CHECK:operating_cashflow + capex""}",2934000.0,,Q1,2019,1540000.0,21261000.0,1749000.0,2188000.0,2934000.0,2018-09-30,2018-11-06,48110,,84957000.0,26365000.0,LYTS,46152000.0,V3_PHASE3C2_LEGACY_DEEP_HISTORY_2026-08-23T074231Z,2026-08-23T074231Z
2026-08-23T074231Z,LEGACY,-931000.0,9563000.0,2026-08-23T074231Z,,"{""free_cashflow"":""DIRECT_WITH_DERIVED_CHECK:operating_cashflow + capex""}",-20271000.0,,Q2,2019,4509000.0,19656000.0,-15782000.0,5440000.0,-20271000.0,2018-12-31,2019-01-23,48109,,89541000.0,26083000.0,LYTS,48372000.0,V3_PHASE3C2_LEGACY_DEEP_HISTORY_2026-08-23T074231Z,2026-08-23T074231Z
2026-08-23T074231Z,LEGACY,-769000.0,1686000.0,2026-08-23T074231Z,,"{""free_cashflow"":""DIRECT_WITH_DERIVED_CHECK:operating_cashflow + capex""}",-2273000.0,,Q3,2019,-2012000.0,15337000.0,-3168000.0,-1243000.0,-2273000.0,2019-03-31,2019-04-25,48108,,72832000.0,26132000.0,LYTS,43812000.0,V3_PHASE3C2_LEGACY_DEEP_HISTORY_2026-08-23T074231Z,2026-08-23T074231Z
2026-08-23T16:02:25Z,LEGACY,-270000.0,966000.0,2026-08-23T074231Z,,"{""free_cashflow"":""DERIVED:operating_cashflow + capex""}",-280000.0,,Q4,2019,4836000.0,17459000.0,862000.0,5106000.0,-280000.0,2019-06-30,2019-09-06,48107,,81522000.0,26109000.0,LYTS,39541000.0,V3_PHASE4B_DIRECT_RECOVERY_20260823T160224Z,2026-08-23T16:02:25Z
2026-08-23T09:28:17Z,V2,-355000.0,1579000.0,2026-08-23T074231Z,,,6839000.0,4650000.0,Q1,2020,6004000.0,21855000.0,4475000.0,6359000.0,6839000.0,2019-09-30,2019-11-06,48106,,88701000.0,26293000.0,LYTS,23181000.0,V3_PHASE3C3_V2_RESIDUAL_EXISTING_Q_2026-08-23T092817Z,2026-08-23T09:28:17Z
2026-08-23T09:28:17Z,V2,-764000.0,1248000.0,2026-08-23T074231Z,,,1760000.0,4242000.0,Q2,2020,13780000.0,19964000.0,1743000.0,14544000.0,1760000.0,2019-12-31,2020-02-05,48105,,82377000.0,26534000.0,LYTS,10437000.0,V3_PHASE3C3_V2_RESIDUAL_EXISTING_Q_2026-08-23T092817Z,2026-08-23T09:28:17Z
2026-08-23T09:28:17Z,V2,-419000.0,820000.0,2026-08-23T074231Z,,,2631000.0,1224000.0,Q3,2020,-4225000.0,15942000.0,1861000.0,-3806000.0,2631000.0,2020-03-31,2020-04-23,48104,,71010000.0,26623000.0,LYTS,7919000.0,V3_PHASE3C3_V2_RESIDUAL_EXISTING_Q_2026-08-23T092817Z,2026-08-23T09:28:17Z
2026-08-23T16:02:25Z,LEGACY,-1201000.0,3517000.0,2026-08-23T074231Z,,"{""free_cashflow"":""DERIVED:operating_cashflow + capex""}",1846000.0,4369000.0,Q4,2020,11414000.0,15769000.0,1513000.0,12615000.0,1846000.0,2020-06-30,2020-08-20,48103,,63470000.0,26473000.0,LYTS,0.0,V3_PHASE4B_DIRECT_RECOVERY_20260823T160224Z,2026-08-23T16:02:25Z
2026-08-23T09:28:17Z,V2,-405000.0,9463000.0,2026-08-23T074231Z,,,2202000.0,4238000.0,Q1,2021,7234000.0,18272000.0,1990000.0,7639000.0,2202000.0,2020-09-30,2020-10-29,48102,,70006000.0,26968000.0,LYTS,0.0,V3_PHASE3C3_V2_RESIDUAL_EXISTING_Q_2026-08-23T092817Z,2026-08-23T09:28:17Z
2026-08-23T09:28:17Z,V2,-475000.0,13584000.0,2026-08-23T074231Z,,,2686000.0,4697000.0,Q2,2021,5303000.0,19706000.0,2208000.0,5778000.0,2686000.0,2020-12-31,2021-01-21,48101,,76387000.0,27360000.0,LYTS,0.0,V3_PHASE3C3_V2_RESIDUAL_EXISTING_Q_2026-08-23T092817Z,2026-08-23T09:28:17Z
2026-08-23T09:28:17Z,V2,-637000.0,23528000.0,2026-08-23T074231Z,,,2096000.0,4016000.0,Q3,2021,10580000.0,18092000.0,1472000.0,11217000.0,2096000.0,2021-03-31,2021-04-22,48100,,72204000.0,27727000.0,LYTS,0.0,V3_PHASE3C3_V2_RESIDUAL_EXISTING_Q_2026-08-23T092817Z,2026-08-23T09:28:17Z
2026-08-23T16:02:25Z,LEGACY,-716000.0,2282000.0,2026-08-23T074231Z,,"{""free_cashflow"":""DERIVED:operating_cashflow + capex""}",1046000.0,3220000.0,Q4,2021,2659000.0,22904000.0,198000.0,3375000.0,1046000.0,2021-06-30,2021-08-19,48099,,97015000.0,27440000.0,LYTS,68178000.0,V3_PHASE4B_DIRECT_RECOVERY_20260823T160224Z,2026-08-23T16:02:25Z
2026-08-23T09:28:17Z,V2,-297000.0,2570000.0,2026-08-23T074231Z,,,4444000.0,7007000.0,Q1,2022,-8186000.0,24510000.0,3133000.0,-7889000.0,4444000.0,2021-09-30,2021-11-03,48098,,106397000.0,27743000.0,LYTS,78271000.0,V3_PHASE3C3_V2_RESIDUAL_EXISTING_Q_2026-08-23T092817Z,2026-08-23T09:28:17Z
2026-08-23T09:28:17Z,V2,-448000.0,914000.0,2026-08-23T074231Z,,,4422000.0,6960000.0,Q2,2022,-9102000.0,25448000.0,3105000.0,-8654000.0,4422000.0,2021-12-31,2022-01-27,48097,,111143000.0,28067000.0,LYTS,86601000.0,V3_PHASE3C3_V2_RESIDUAL_EXISTING_Q_2026-08-23T092817Z,2026-08-23T09:28:17Z
2026-08-23T09:28:17Z,V2,-531000.0,1248000.0,2026-08-23T074231Z,,,5161000.0,7692000.0,Q3,2022,3344000.0,26793000.0,3618000.0,3875000.0,5161000.0,2022-03-31,2022-04-28,48096,,110111000.0,28083000.0,LYTS,84958000.0,V3_PHASE3C3_V2_RESIDUAL_EXISTING_Q_2026-08-23T092817Z,2026-08-23T09:28:17Z
2026-08-23T16:02:25Z,LEGACY,-846000.0,2462000.0,2026-08-23T074231Z,,"{""free_cashflow"":""DERIVED:operating_cashflow + capex""}",7174000.0,9672000.0,Q4,2022,7959000.0,32457000.0,5176000.0,8805000.0,7174000.0,2022-06-30,2022-08-18,48095,,127469000.0,27993000.0,LYTS,79596000.0,V3_PHASE4B_DIRECT_RECOVERY_20260823T160224Z,2026-08-23T16:02:25Z
2026-08-23T09:28:17Z,V2,-434000.0,9028000.0,2026-08-23T074231Z,,,10021000.0,12454000.0,Q1,2023,10149000.0,34738000.0,6261000.0,10583000.0,10021000.0,2022-09-30,2022-11-02,48094,,127069000.0,28664000.0,LYTS,77546000.0,V3_PHASE3C3_V2_RESIDUAL_EXISTING_Q_2026-08-23T092817Z,2026-08-23T09:28:17Z
2026-08-23T09:28:17Z,V2,-561000.0,2765000.0,2026-08-23T074231Z,,,9038000.0,11490000.0,Q2,2023,8918000.0,34140000.0,6417000.0,9479000.0,9038000.0,2022-12-31,2023-01-26,48093,,128804000.0,29204000.0,LYTS,62821000.0,V3_PHASE3C3_V2_RESIDUAL_EXISTING_Q_2026-08-23T092817Z,2026-08-23T09:28:17Z
2026-08-23T09:28:17Z,V2,-759000.0,1350000.0,2026-08-23T074231Z,,,7732000.0,10187000.0,Q3,2023,11727000.0,32204000.0,4669000.0,12486000.0,7732000.0,2023-03-31,2023-04-27,48092,,117470000.0,29611000.0,LYTS,49573000.0,V3_PHASE3C3_V2_RESIDUAL_EXISTING_Q_2026-08-23T092817Z,2026-08-23T09:28:17Z
2026-08-23T16:02:25Z,LEGACY,-1454000.0,1828000.0,2026-08-23T074231Z,,"{""free_cashflow"":""DERIVED:operating_cashflow + capex""}",10237000.0,12672000.0,Q4,2023,15586000.0,35863000.0,8414000.0,17040000.0,10237000.0,2023-06-30,2023-08-17,48091,,123636000.0,29316000.0,LYTS,35200000.0,V3_PHASE4B_DIRECT_RECOVERY_20260823T160224Z,2026-08-23T16:02:25Z
2026-08-23T09:28:17Z,V2,-1393000.0,3533000.0,2026-08-23T074231Z,,,11028000.0,13752000.0,Q1,2024,9199000.0,36589000.0,8028000.0,10592000.0,11028000.0,2023-09-30,2023-11-01,48090,,123441000.0,29955000.0,LYTS,28669000.0,V3_PHASE3C3_V2_RESIDUAL_EXISTING_Q_2026-08-23T092817Z,2026-08-23T09:28:17Z
2026-08-23T09:28:17Z,V2,-1956000.0,2660000.0,2026-08-23T074231Z,,,7819000.0,10211000.0,Q2,2024,7320000.0,31536000.0,5906000.0,9276000.0,7819000.0,2023-12-31,2024-01-25,48089,,109005000.0,30043000.0,LYTS,21521000.0,V3_PHASE3C3_V2_RESIDUAL_EXISTING_Q_2026-08-23T092817Z,2026-08-23T09:28:17Z
2026-08-23T074231Z,LEGACY,-1277000.0,7175000.0,2026-08-23T074231Z,,"{""free_cashflow"":""DIRECT_WITH_DERIVED_CHECK:operating_cashflow + capex""}",7660000.0,,Q3,2024,11152000.0,31210000.0,5375000.0,12429000.0,7660000.0,2024-03-31,2024-04-25,48088,,108186000.0,30122000.0,LYTS,16353000.0,V3_PHASE3C2_LEGACY_DEEP_HISTORY_2026-08-23T074231Z,2026-08-23T074231Z
2026-08-22T00:00:00Z,YAHOO,-690000.0,4301000.0,2026-08-22T00:00:00Z,,"{""free_cashflow"":""DIRECT_WITH_DERIVED_CHECK:operating_cashflow + capex""}",6257000.0,9319000.0,Q1,2025,6192000.0,32843000.0,3883000.0,6882000.0,6235000.0,2025-03-31,2024-11-07,7195,,132481000.0,29987826.0,LYTS,74571000.0,V3_PHASE3B_U_REFINED_YAHOO_SEED_20260822T000000Z,2026-08-22T00:00:00Z
2026-08-22T00:00:00Z,YAHOO,-950000.0,3457000.0,2026-08-22T00:00:00Z,,"{""free_cashflow"":""DIRECT_WITH_DERIVED_CHECK:operating_cashflow + capex""}",12642000.0,16197000.0,Q4,2025,8549000.0,40429000.0,8171000.0,9499000.0,12019000.0,2025-06-30,2025-09-11,7196,,155067000.0,30054532.0,LYTS,66641000.0,V3_PHASE3B_U_REFINED_YAHOO_SEED_20260822T000000Z,2026-08-22T00:00:00Z
2026-08-22T00:00:00Z,YAHOO,-967000.0,7143000.0,2026-08-22T00:00:00Z,,"{""free_cashflow"":""DIRECT_WITH_DERIVED_CHECK:operating_cashflow + capex""}",10442000.0,13642000.0,Q1,2026,-291000.0,40277000.0,7264000.0,676000.0,10972000.0,2025-09-30,2026-04-23,7197,,157249000.0,30012915.0,LYTS,68058000.0,V3_PHASE3B_U_REFINED_YAHOO_SEED_20260822T000000Z,2026-08-22T00:00:00Z
2026-08-22T00:00:00Z,YAHOO,-1684000.0,6407000.0,2026-08-22T00:00:00Z,,"{""free_cashflow"":""DIRECT_WITH_DERIVED_CHECK:operating_cashflow + capex""}",8968000.0,12195000.0,Q2,2026,23299000.0,37434000.0,6348000.0,24983000.0,8865000.0,2025-12-31,2026-01-22,7198,,147002000.0,31113681.0,LYTS,58836000.0,V3_PHASE3B_U_REFINED_YAHOO_SEED_20260822T000000Z,2026-08-22T00:00:00Z
2026-08-23T074231Z,LEGACY,3358000.0,10333000.0,2026-08-23T074231Z,,"{""free_cashflow"":""DIRECT_WITH_DERIVED_CHECK:operating_cashflow + capex""}",4076000.0,,Q3,2026,35947000.0,,,32589000.0,4076000.0,2026-03-31,2026-04-23,48086,,,,LYTS,261006000.0,V3_PHASE3C2_LEGACY_DEEP_HISTORY_2026-08-23T074231Z,2026-08-23T074231Z
2026-08-23T074231Z,LEGACY,-2934000000.0,9221000000.0,2026-08-23T074231Z,,"{""free_cashflow"":""DIRECT_WITH_DERIVED_CHECK:operating_cashflow + capex""}",8292000000.0,,Q3,2018,9217000000.0,17550000000.0,7424000000.0,12151000000.0,8292000000.0,2018-03-31,2018-04-26,50655,,26819000000.0,7794000000.0,MSFT,76927000000.0,V3_PHASE3C2_LEGACY_DEEP_HISTORY_2026-08-23T074231Z,2026-08-23T074231Z
2026-08-23T16:02:25Z,LEGACY,-3980000000.0,11946000000.0,2026-08-23T074231Z,,"{""free_cashflow"":""DERIVED:operating_cashflow + capex""}",10379000000.0,,Q4,2018,7438000000.0,20343000000.0,8873000000.0,11418000000.0,10379000000.0,2018-06-30,2018-07-19,50654,,30085000000.0,7794000000.0,MSFT,76240000000.0,V3_PHASE4B_DIRECT_RECOVERY_20260823T160224Z,2026-08-23T16:02:25Z
2026-08-23T074231Z,LEGACY,-3602000000.0,15137000000.0,2026-08-23T074231Z,,"{""free_cashflow"":""DIRECT_WITH_DERIVED_CHECK:operating_cashflow + capex""}",9955000000.0,,Q1,2019,10055000000.0,19179000000.0,8824000000.0,13657000000.0,9955000000.0,2018-09-30,2018-10-24,50653,,29084000000.0,7766000000.0,MSFT,76230000000.0,V3_PHASE3C2_LEGACY_DEEP_HISTORY_2026-08-23T074231Z,2026-08-23T074231Z
2026-08-23T074231Z,LEGACY,-3707000000.0,6638000000.0,2026-08-23T074231Z,,"{""free_cashflow"":""DIRECT_WITH_DERIVED_CHECK:operating_cashflow + capex""}",10258000000.0,,Q2,2019,5193000000.0,20048000000.0,8420000000.0,8900000000.0,10258000000.0,2018-12-31,2019-01-30,50652,,32471000000.0,7768000000.0,MSFT,73169000000.0,V3_PHASE3C2_LEGACY_DEEP_HISTORY_2026-08-23T074231Z,2026-08-23T074231Z
2026-08-23T074231Z,LEGACY,-2565000000.0,11212000000.0,2026-08-23T074231Z,,"{""free_cashflow"":""DIRECT_WITH_DERIVED_CHECK:operating_cashflow + capex""}",10341000000.0,,Q3,2019,10955000000.0,20401000000.0,8809000000.0,13520000000.0,10341000000.0,2019-03-31,2019-04-24,50651,,30571000000.0,7744000000.0,MSFT,73100000000.0,V3_PHASE3C2_LEGACY_DEEP_HISTORY_2026-08-23T074231Z,2026-08-23T074231Z
2026-08-23T16:02:25Z,LEGACY,-4051000000.0,11356000000.0,2026-08-23T074231Z,,"{""free_cashflow"":""DERIVED:operating_cashflow + capex""}",12405000000.0,,Q4,2019,12057000000.0,23305000000.0,13187000000.0,16108000000.0,12405000000.0,2019-06-30,2019-07-18,50650,,33717000000.0,7753000000.0,MSFT,72178000000.0,V3_PHASE4B_DIRECT_RECOVERY_20260823T160224Z,2026-08-23T16:02:25Z
2026-08-23T074231Z,LEGACY,-3385000000.0,13117000000.0,2026-08-23T074231Z,,"{""free_cashflow"":""DIRECT_WITH_DERIVED_CHECK:operating_cashflow + capex""}",12686000000.0,,Q1,2020,10433000000.0,22649000000.0,10678000000.0,13818000000.0,12686000000.0,2019-09-30,2019-10-23,50649,,33055000000.0,7710000000.0,MSFT,69495000000.0,V3_PHASE3C2_LEGACY_DEEP_HISTORY_2026-08-23T074231Z,2026-08-23T074231Z
2026-08-23T074231Z,LEGACY,-3545000000.0,8864000000.0,2026-08-23T074231Z,,"{""free_cashflow"":""DIRECT_WITH_DERIVED_CHECK:operating_cashflow + capex""}",13891000000.0,,Q2,2020,7135000000.0,24548000000.0,11649000000.0,10680000000.0,13891000000.0,2019-12-31,2020-01-29,50648,,36906000000.0,7691000000.0,MSFT,69608000000.0,V3_PHASE3C2_LEGACY_DEEP_HISTORY_2026-08-23T074231Z,2026-08-23T074231Z
2026-08-23T074231Z,LEGACY,-3767000000.0,11710000000.0,2026-08-23T074231Z,,"{""free_cashflow"":""DIRECT_WITH_DERIVED_CHECK:operating_cashflow + capex""}",12975000000.0,,Q3,2020,13737000000.0,24046000000.0,10752000000.0,17504000000.0,12975000000.0,2020-03-31,2020-04-29,50647,,35021000000.0,7675000000.0,MSFT,66610000000.0,V3_PHASE3C2_LEGACY_DEEP_HISTORY_2026-08-23T074231Z,2026-08-23T074231Z
2026-08-23T16:02:25Z,LEGACY,-4744000000.0,13576000000.0,2026-08-23T074231Z,,"{""free_cashflow"":""DERIVED:operating_cashflow + capex""}",13407000000.0,,Q4,2020,13929000000.0,25694000000.0,11202000000.0,18673000000.0,13407000000.0,2020-06-30,2020-07-22,50646,,38033000000.0,7683000000.0,MSFT,63327000000.0,V3_PHASE4B_DIRECT_RECOVERY_20260823T160224Z,2026-08-23T16:02:25Z
2026-08-23T09:28:17Z,V2,-4907000000.0,17205000000.0,2026-08-23T074231Z,,,15876000000.0,18521000000.0,Q1,2021,14428000000.0,26152000000.0,13893000000.0,19335000000.0,15876000000.0,2020-09-30,2020-10-27,50645,,37154000000.0,7637000000.0,MSFT,63552000000.0,V3_PHASE3C3_V2_RESIDUAL_EXISTING_Q_2026-08-23T092817Z,2026-08-23T09:28:17Z
2026-08-23T09:28:17Z,V2,-4174000000.0,14432000000.0,2026-08-23T074231Z,,,17897000000.0,20658000000.0,Q2,2021,8342000000.0,28882000000.0,15463000000.0,12516000000.0,17897000000.0,2020-12-31,2021-01-26,50644,,43076000000.0,7616000000.0,MSFT,60523000000.0,V3_PHASE3C3_V2_RESIDUAL_EXISTING_Q_2026-08-23T092817Z,2026-08-23T09:28:17Z
2026-08-23T09:28:17Z,V2,-5089000000.0,13702000000.0,2026-08-23T074231Z,,,17048000000.0,19984000000.0,Q3,2021,17090000000.0,28661000000.0,15457000000.0,22179000000.0,17048000000.0,2021-03-31,2021-04-27,50643,,41706000000.0,7597000000.0,MSFT,58058000000.0,V3_PHASE3C3_V2_RESIDUAL_EXISTING_Q_2026-08-23T092817Z,2026-08-23T09:28:17Z
2026-08-23T16:02:25Z,LEGACY,-6452000000.0,14224000000.0,2026-08-23T074231Z,,"{""free_cashflow"":""DERIVED:operating_cashflow + capex""}",19095000000.0,22439000000.0,Q4,2021,16258000000.0,32161000000.0,16458000000.0,22710000000.0,19095000000.0,2021-06-30,2021-07-27,50642,,46152000000.0,7608000000.0,MSFT,58146000000.0,V3_PHASE4B_DIRECT_RECOVERY_20260823T160224Z,2026-08-23T16:02:25Z
2026-08-23T09:28:17Z,V2,-5810000000.0,19165000000.0,2026-08-23T074231Z,,,20238000000.0,23450000000.0,Q1,2022,18730000000.0,31671000000.0,20505000000.0,24540000000.0,20238000000.0,2021-09-30,2021-10-26,50641,,45317000000.0,7567000000.0,MSFT,53288000000.0,V3_PHASE3C3_V2_RESIDUAL_EXISTING_Q_2026-08-23T092817Z,2026-08-23T09:28:17Z
2026-08-23T09:28:17Z,V2,-5865000000.0,20604000000.0,2026-08-23T074231Z,,,22247000000.0,25743000000.0,Q2,2022,8615000000.0,34768000000.0,18765000000.0,14480000000.0,22247000000.0,2021-12-31,2022-01-25,50640,,51728000000.0,7555000000.0,MSFT,53258000000.0,V3_PHASE3C3_V2_RESIDUAL_EXISTING_Q_2026-08-23T092817Z,2026-08-23T09:28:17Z
2026-08-23T09:28:17Z,V2,-5340000000.0,12498000000.0,2026-08-23T074231Z,,,20364000000.0,24137000000.0,Q3,2022,20046000000.0,33745000000.0,16728000000.0,25386000000.0,20364000000.0,2022-03-31,2022-04-26,50639,,49360000000.0,7534000000.0,MSFT,49926000000.0,V3_PHASE3C3_V2_RESIDUAL_EXISTING_Q_2026-08-23T092817Z,2026-08-23T09:28:17Z
2026-08-23T16:02:25Z,LEGACY,-6871000000.0,13931000000.0,2026-08-23T074231Z,,"{""free_cashflow"":""DERIVED:operating_cashflow + capex""}",20534000000.0,24513000000.0,Q4,2022,17758000000.0,35436000000.0,16740000000.0,24629000000.0,20534000000.0,2022-06-30,2022-07-26,50638,,51865000000.0,7540000000.0,MSFT,49781000000.0,V3_PHASE4B_DIRECT_RECOVERY_20260823T160224Z,2026-08-23T16:02:25Z
2026-08-23T09:28:17Z,V2,-6283000000.0,22884000000.0,2026-08-23T074231Z,,,21518000000.0,24308000000.0,Q1,2023,16915000000.0,34670000000.0,17556000000.0,23198000000.0,21518000000.0,2022-09-30,2022-10-25,50637,,50122000000.0,7485000000.0,MSFT,48622000000.0,V3_PHASE3C3_V2_RESIDUAL_EXISTING_Q_2026-08-23T092817Z,2026-08-23T09:28:17Z
2026-08-23T09:28:17Z,V2,-6274000000.0,15646000000.0,2026-08-23T074231Z,,,20399000000.0,24047000000.0,Q2,2023,4899000000.0,35259000000.0,16425000000.0,11173000000.0,20399000000.0,2022-12-31,2023-01-24,50636,,52747000000.0,7473000000.0,MSFT,48116000000.0,V3_PHASE3C3_V2_RESIDUAL_EXISTING_Q_2026-08-23T092817Z,2026-08-23T09:28:17Z
2026-08-23T09:28:17Z,V2,-6607000000.0,26562000000.0,2026-08-23T074231Z,,,22352000000.0,25901000000.0,Q3,2023,17834000000.0,36729000000.0,18299000000.0,24441000000.0,22352000000.0,2023-03-31,2023-04-25,50635,,52857000000.0,7464000000.0,MSFT,48210000000.0,V3_PHASE3C3_V2_RESIDUAL_EXISTING_Q_2026-08-23T092817Z,2026-08-23T09:28:17Z
2026-08-23T16:02:25Z,LEGACY,-8943000000.0,34704000000.0,2026-08-23T074231Z,,"{""free_cashflow"":""DERIVED:operating_cashflow + capex""}",24254000000.0,28128000000.0,Q4,2023,19827000000.0,39394000000.0,20081000000.0,28770000000.0,24254000000.0,2023-06-30,2023-07-25,50634,,56189000000.0,7472000000.0,MSFT,47237000000.0,V3_PHASE4B_DIRECT_RECOVERY_20260823T160224Z,2026-08-23T16:02:25Z
2026-08-23T09:28:17Z,V2,-9917000000.0,80452000000.0,2026-08-23T074231Z,,,26895000000.0,30816000000.0,Q1,2024,20666000000.0,40215000000.0,22291000000.0,30583000000.0,26895000000.0,2023-09-30,2023-10-24,50633,,56517000000.0,7462000000.0,MSFT,45694000000.0,V3_PHASE3C3_V2_RESIDUAL_EXISTING_Q_2026-08-23T092817Z,2026-08-23T09:28:17Z
2026-08-23T09:28:17Z,V2,-9735000000.0,17305000000.0,2026-08-23T074231Z,,,27032000000.0,32991000000.0,Q2,2024,9118000000.0,42397000000.0,21870000000.0,18853000000.0,27032000000.0,2023-12-31,2024-01-30,50632,,62020000000.0,7468000000.0,MSFT,47178000000.0,V3_PHASE3C3_V2_RESIDUAL_EXISTING_Q_2026-08-23T092817Z,2026-08-23T09:28:17Z
2026-08-23T09:28:17Z,V2,-10952000000.0,19634000000.0,2026-08-23T074231Z,,,27581000000.0,33608000000.0,Q3,2024,20965000000.0,43353000000.0,21939000000.0,31917000000.0,27581000000.0,2024-03-31,2024-04-25,50631,,61858000000.0,7472000000.0,MSFT,44907000000.0,V3_PHASE3C3_V2_RESIDUAL_EXISTING_Q_2026-08-23T092817Z,2026-08-23T09:28:17Z
2026-08-23T09:28:17Z,V2,-14923000000.0,20840000000.0,2026-08-23T074231Z,,,30552000000.0,37935000000.0,Q1,2025,19257000000.0,45486000000.0,24667000000.0,34180000000.0,30552000000.0,2024-09-30,2024-10-30,50630,,65585000000.0,7470000000.0,MSFT,45117000000.0,V3_PHASE3C3_V2_RESIDUAL_EXISTING_Q_2026-08-23T092817Z,2026-08-23T09:28:17Z
2026-08-23T09:28:17Z,V2,-15804000000.0,17482000000.0,2026-08-23T074231Z,,,31653000000.0,37320000000.0,Q2,2025,6487000000.0,47833000000.0,24108000000.0,22291000000.0,31653000000.0,2024-12-31,2025-01-29,50629,,69632000000.0,7468000000.0,MSFT,44970000000.0,V3_PHASE3C3_V2_RESIDUAL_EXISTING_Q_2026-08-23T092817Z,2026-08-23T09:28:17Z
2026-08-23T09:28:17Z,V2,-16745000000.0,28828000000.0,2026-08-23T074231Z,,,32000000000.0,39734000000.0,Q3,2025,20299000000.0,48147000000.0,25824000000.0,37044000000.0,32000000000.0,2025-03-31,2025-04-30,50628,,70066000000.0,7461000000.0,MSFT,42881000000.0,V3_PHASE3C3_V2_RESIDUAL_EXISTING_Q_2026-08-23T092817Z,2026-08-23T09:28:17Z
2026-08-22T00:00:00Z,YAHOO,-17079000000.0,30242000000.0,2026-08-22T00:00:00Z,,"{""free_cashflow"":""DIRECT_WITH_DERIVED_CHECK:operating_cashflow + capex""}",33231000000.0,44434000000.0,Q4,2025,25568000000.0,52427000000.0,27233000000.0,42647000000.0,34323000000.0,2025-06-30,2025-07-30,7796,,76441000000.0,7434158655.0,MSFT,60588000000.0,V3_PHASE3B_U_REFINED_YAHOO_SEED_20260822T000000Z,2026-08-22T00:00:00Z
2026-08-22T00:00:00Z,YAHOO,-19394000000.0,28849000000.0,2026-08-22T00:00:00Z,,"{""free_cashflow"":""DIRECT_WITH_DERIVED_CHECK:operating_cashflow + capex""}",34999000000.0,48060000000.0,Q1,2026,25663000000.0,53630000000.0,27747000000.0,45057000000.0,37961000000.0,2025-09-30,2025-10-29,7797,,77673000000.0,7433087554.0,MSFT,60556000000.0,V3_PHASE3B_U_REFINED_YAHOO_SEED_20260822T000000Z,2026-08-22T00:00:00Z
2026-08-22T00:00:00Z,YAHOO,-29876000000.0,24296000000.0,2026-08-22T00:00:00Z,,"{""free_cashflow"":""DIRECT_WITH_DERIVED_CHECK:operating_cashflow + capex""}",48982000000.0,58180000000.0,Q2,2026,5882000000.0,55295000000.0,38458000000.0,35758000000.0,38275000000.0,2025-12-31,2026-01-28,7798,,81273000000.0,7428838066.0,MSFT,57607000000.0,V3_PHASE3B_U_REFINED_YAHOO_SEED_20260822T000000Z,2026-08-22T00:00:00Z
2026-08-22T00:00:00Z,YAHOO,-30876000000.0,32105000000.0,2026-08-22T00:00:00Z,,"{""free_cashflow"":""DIRECT_WITH_DERIVED_CHECK:operating_cashflow + capex""}",40118000000.0,50285000000.0,Q3,2026,15803000000.0,56058000000.0,31778000000.0,46679000000.0,38398000000.0,2026-03-31,2026-04-29,7799,,82886000000.0,7429000000.0,MSFT,56965000000.0,V3_PHASE3B_U_REFINED_YAHOO_SEED_20260822T000000Z,2026-08-22T00:00:00Z
2026-08-22T00:00:00Z,YAHOO,-35802000000.0,20935000000.0,2026-08-22T00:00:00Z,,"{""free_cashflow"":""DIRECT_WITH_DERIVED_CHECK:operating_cashflow + capex""}",44886000000.0,55908000000.0,Q4,2026,19639000000.0,60482000000.0,35766000000.0,55441000000.0,40603000000.0,2026-06-30,2026-07-29,7800,,90007000000.0,7427000000.0,MSFT,56826000000.0,V3_PHASE3B_U_REFINED_YAHOO_SEED_20260822T000000Z,2026-08-22T00:00:00Z
2026-08-23T074231Z,LEGACY,,,2026-08-23T074231Z,,,,,Q4,2022,,,,,,2022-06-30,2024-09-30,51898,,,,NEUP,,V3_PHASE3C2_LEGACY_DEEP_HISTORY_2026-08-23T074231Z,2026-08-23T074231Z
2026-08-23T074231Z,LEGACY,,8135059.0,2026-08-23T074231Z,,,-5467607.0,,Q1,2025,,,-5472568.0,-4429800.0,-5467607.0,2023-09-30,,51897,,,1495995035.0,NEUP,,V3_PHASE3C2_LEGACY_DEEP_HISTORY_2026-08-23T074231Z,2026-08-23T074231Z
2026-08-22T00:00:00Z,YAHOO,,4344578.0,2026-08-22T00:00:00Z,,,-3397278.0,-3231157.0,Q2,2025,-3358087.0,,-1943349.0,-3358087.0,-3397278.0,2024-12-31,2025-02-14,8099,,662715.0,1628659.0,NEUP,199395.0,V3_PHASE3B_U_REFINED_YAHOO_SEED_20260822T000000Z,2026-08-22T00:00:00Z
2026-08-22T00:00:00Z,YAHOO,,17044750.0,2026-08-22T00:00:00Z,,,11971966.0,12137397.0,Q3,2025,11453452.0,,11262161.0,11453452.0,11971966.0,2025-03-31,2025-05-20,8100,,15000000.0,1853966.0,NEUP,172460.0,V3_PHASE3B_U_REFINED_YAHOO_SEED_20260822T000000Z,2026-08-22T00:00:00Z
2026-08-23T074231Z,LEGACY,,14210745.0,2026-08-23T074231Z,,,-5835046.0,,Q4,2025,,,-8883657.0,-3585073.0,-5835046.0,2025-06-30,2025-09-29,15660,,15649448.0,1622924.0,NEUP,,V3_PHASE3C2_LEGACY_DEEP_HISTORY_2026-08-23T074231Z,2026-08-23T074231Z
2026-08-22T00:00:00Z,YAHOO,,13649638.0,2026-08-22T00:00:00Z,,,-5652689.0,-5486897.0,Q1,2026,-3794648.0,,-9906504.0,-3794648.0,-5652689.0,2025-09-30,2025-11-14,8101,,0.0,2357613.0,NEUP,118220.0,V3_PHASE3B_U_REFINED_YAHOO_SEED_20260822T000000Z,2026-08-22T00:00:00Z
2026-08-22T00:00:00Z,YAHOO,,22170414.0,2026-08-22T00:00:00Z,,,-2345682.0,-2179893.0,Q2,2026,-6435815.0,,1864092.0,-6435815.0,-2345682.0,2025-12-31,2026-02-17,8102,,0.0,5377329.0,NEUP,33465.0,V3_PHASE3B_U_REFINED_YAHOO_SEED_20260822T000000Z,2026-08-22T00:00:00Z
2026-08-22T00:00:00Z,YAHOO,,19440655.0,2026-08-22T00:00:00Z,,,-827284.0,-661589.0,Q3,2026,-3336465.0,,-505063.0,-3336465.0,-827284.0,2026-03-31,2026-05-15,8103,,0.0,5377329.0,NEUP,34225.0,V3_PHASE3B_U_REFINED_YAHOO_SEED_20260822T000000Z,2026-08-22T00:00:00Z
2026-08-23T074231Z,LEGACY,-80300000.0,186200000.0,2026-08-23T074231Z,,"{""free_cashflow"":""DIRECT_WITH_DERIVED_CHECK:operating_cashflow + capex""}",164000000.0,,Q3,2018,388700000.0,728500000.0,831300000.0,469000000.0,164000000.0,2018-01-31,2018-02-16,62363,,,113000000.0,SJM,4688500000.0,V3_PHASE3C2_LEGACY_DEEP_HISTORY_2026-08-23T074231Z,2026-08-23T074231Z
2026-08-23T16:02:25Z,LEGACY,-111600000.0,192600000.0,2026-08-23T074231Z,,"{""free_cashflow"":""DERIVED:operating_cashflow + capex""}",312700000.0,,Q4,2018,202800000.0,690500000.0,185900000.0,314400000.0,312700000.0,2018-04-30,2018-06-07,62362,,,113000000.0,SJM,4688000000.0,V3_PHASE4B_DIRECT_RECOVERY_20260823T160224Z,2026-08-23T16:02:25Z
2026-08-23T074231Z,LEGACY,-101300000.0,192000000.0,2026-08-23T074231Z,,"{""free_cashflow"":""DIRECT_WITH_DERIVED_CHECK:operating_cashflow + capex""}",226900000.0,,Q1,2019,141700000.0,678200000.0,133000000.0,243000000.0,226900000.0,2018-07-31,2018-08-21,62361,,,113100000.0,SJM,6184900000.0,V3_PHASE3C2_LEGACY_DEEP_HISTORY_2026-08-23T074231Z,2026-08-23T074231Z
2026-08-23T074231Z,LEGACY,-77800000.0,171200000.0,2026-08-23T074231Z,,"{""free_cashflow"":""DIRECT_WITH_DERIVED_CHECK:operating_cashflow + capex""}",330500000.0,,Q2,2019,125100000.0,771300000.0,188500000.0,202900000.0,330500000.0,2018-10-31,2018-11-28,62360,,,113200000.0,SJM,5885100000.0,V3_PHASE3C2_LEGACY_DEEP_HISTORY_2026-08-23T074231Z,2026-08-23T074231Z
2026-08-23T074231Z,LEGACY,-88100000.0,206500000.0,2026-08-23T074231Z,,"{""free_cashflow"":""DIRECT_WITH_DERIVED_CHECK:operating_cashflow + capex""}",217600000.0,,Q3,2019,333000000.0,773800000.0,121400000.0,421100000.0,217600000.0,2019-01-31,2019-02-26,62359,,,113200000.0,SJM,5585100000.0,V3_PHASE3C2_LEGACY_DEEP_HISTORY_2026-08-23T074231Z,2026-08-23T074231Z
2026-08-23T16:02:25Z,LEGACY,-92600000.0,101300000.0,2026-08-23T074231Z,,"{""free_cashflow"":""DERIVED:operating_cashflow + capex""}",153600000.0,,Q4,2019,181600000.0,692400000.0,71500000.0,274200000.0,153600000.0,2019-04-30,2019-06-06,62358,,,113100000.0,SJM,5484800000.0,V3_PHASE4B_DIRECT_RECOVERY_20260823T160224Z,2026-08-23T16:02:25Z
2026-08-23T074231Z,LEGACY,-73000000.0,48800000.0,2026-08-23T074231Z,,"{""free_cashflow"":""DIRECT_WITH_DERIVED_CHECK:operating_cashflow + capex""}",257600000.0,,Q1,2020,148500000.0,699600000.0,154600000.0,221500000.0,257600000.0,2019-07-31,2019-08-27,62357,,,113300000.0,SJM,5484300000.0,V3_PHASE3C2_LEGACY_DEEP_HISTORY_2026-08-23T074231Z,2026-08-23T074231Z
2026-08-23T074231Z,LEGACY,-63400000.0,48800000.0,2026-08-23T074231Z,,"{""free_cashflow"":""DIRECT_WITH_DERIVED_CHECK:operating_cashflow + capex""}",329800000.0,,Q2,2020,160600000.0,754000000.0,211200000.0,224000000.0,329800000.0,2019-10-31,2019-11-22,62356,,,113400000.0,SJM,5384000000.0,V3_PHASE3C2_LEGACY_DEEP_HISTORY_2026-08-23T074231Z,2026-08-23T074231Z
2026-08-23T074231Z,LEGACY,-56500000.0,74400000.0,2026-08-23T074231Z,,"{""free_cashflow"":""DIRECT_WITH_DERIVED_CHECK:operating_cashflow + capex""}",289000000.0,,Q3,2020,465100000.0,760000000.0,187400000.0,521600000.0,289000000.0,2020-01-31,2020-02-26,62355,,,113400000.0,SJM,5083100000.0,V3_PHASE3C2_LEGACY_DEEP_HISTORY_2026-08-23T074231Z,2026-08-23T074231Z
2026-08-23T16:02:25Z,LEGACY,-76400000.0,391100000.0,2026-08-23T074231Z,,"{""free_cashflow"":""DERIVED:operating_cashflow + capex""}",346700000.0,,Q4,2020,211300000.0,788400000.0,226300000.0,287700000.0,346700000.0,2020-04-30,2020-06-04,62354,,,113400000.0,SJM,5373300000.0,V3_PHASE4B_DIRECT_RECOVERY_20260823T160224Z,2026-08-23T16:02:25Z
2026-08-23T074231Z,LEGACY,-76600000.0,396600000.0,2026-08-23T074231Z,,"{""free_cashflow"":""DIRECT_WITH_DERIVED_CHECK:operating_cashflow + capex""}",361100000.0,,Q1,2021,332400000.0,775400000.0,237000000.0,409000000.0,361100000.0,2020-07-31,2020-08-25,62353,,,113500000.0,SJM,5072600000.0,V3_PHASE3C2_LEGACY_DEEP_HISTORY_2026-08-23T074231Z,2026-08-23T074231Z
2026-08-23T074231Z,LEGACY,-52400000.0,405600000.0,2026-08-23T074231Z,,"{""free_cashflow"":""DIRECT_WITH_DERIVED_CHECK:operating_cashflow + capex""}",380800000.0,,Q2,2021,326300000.0,818200000.0,230800000.0,378700000.0,380800000.0,2020-10-31,2020-11-24,62352,,,113700000.0,SJM,4871800000.0,V3_PHASE3C2_LEGACY_DEEP_HISTORY_2026-08-23T074231Z,2026-08-23T074231Z
2026-08-23T074231Z,LEGACY,-69700000.0,501500000.0,2026-08-23T074231Z,,"{""free_cashflow"":""DIRECT_WITH_DERIVED_CHECK:operating_cashflow + capex""}",406200000.0,,Q3,2021,416600000.0,809400000.0,261500000.0,486300000.0,406200000.0,2021-01-31,2021-02-25,62351,,,112100000.0,SJM,4670700000.0,V3_PHASE3C2_LEGACY_DEEP_HISTORY_2026-08-23T074231Z,2026-08-23T074231Z
2026-08-23T16:02:25Z,LEGACY,-108000000.0,334300000.0,2026-08-23T074231Z,,"{""free_cashflow"":""DERIVED:operating_cashflow + capex""}",238700000.0,,Q4,2021,183000000.0,735700000.0,147000000.0,291000000.0,238700000.0,2021-04-30,2021-06-03,62350,,,112000000.0,SJM,4751700000.0,V3_PHASE4B_DIRECT_RECOVERY_20260823T160224Z,2026-08-23T16:02:25Z
2026-08-23T074231Z,LEGACY,-68000000.0,168800000.0,2026-08-23T074231Z,,"{""free_cashflow"":""DIRECT_WITH_DERIVED_CHECK:operating_cashflow + capex""}",259400000.0,,Q1,2022,69800000.0,639400000.0,153900000.0,137800000.0,259400000.0,2021-07-31,2021-08-26,62349,,,108100000.0,SJM,4269100000.0,V3_PHASE3C2_LEGACY_DEEP_HISTORY_2026-08-23T074231Z,2026-08-23T074231Z
2026-08-23T074231Z,LEGACY,-59200000.0,155300000.0,2026-08-23T074231Z,,"{""free_cashflow"":""DIRECT_WITH_DERIVED_CHECK:operating_cashflow + capex""}",311800000.0,,Q2,2022,105900000.0,711500000.0,206000000.0,165100000.0,311800000.0,2021-10-31,2021-11-23,62348,,,108100000.0,SJM,4308800000.0,V3_PHASE3C2_LEGACY_DEEP_HISTORY_2026-08-23T074231Z,2026-08-23T074231Z
2026-08-23T074231Z,LEGACY,-117300000.0,284300000.0,2026-08-23T074231Z,,"{""free_cashflow"":""DIRECT_WITH_DERIVED_CHECK:operating_cashflow + capex""}",150600000.0,,Q3,2022,322400000.0,683100000.0,69700000.0,439700000.0,150600000.0,2022-01-31,2022-03-01,62347,,,108200000.0,SJM,4309700000.0,V3_PHASE3C2_LEGACY_DEEP_HISTORY_2026-08-23T074231Z,2026-08-23T074231Z
2026-08-23T16:02:25Z,LEGACY,-173000000.0,,2026-08-23T074231Z,,"{""free_cashflow"":""DERIVED:operating_cashflow + capex""}",302000000.0,,Q4,2022,220700000.0,666700000.0,202100000.0,393700000.0,302000000.0,2022-04-30,2022-06-07,62346,,,108400000.0,SJM,3516800000.0,V3_PHASE4B_DIRECT_RECOVERY_20260823T160224Z,2026-08-23T16:02:25Z
2026-08-23T074231Z,LEGACY,-88300000.0,151600000.0,2026-08-23T074231Z,,"{""free_cashflow"":""DIRECT_WITH_DERIVED_CHECK:operating_cashflow + capex""}",179700000.0,,Q1,2023,-127300000.0,552500000.0,109800000.0,-39000000.0,179700000.0,2022-07-31,2022-08-23,62345,,,106800000.0,SJM,4311500000.0,V3_PHASE3C2_LEGACY_DEEP_HISTORY_2026-08-23T074231Z,2026-08-23T074231Z
2026-08-23T074231Z,LEGACY,-102100000.0,27100000.0,2026-08-23T074231Z,,"{""free_cashflow"":""DIRECT_WITH_DERIVED_CHECK:operating_cashflow + capex""}",293400000.0,,Q2,2023,102900000.0,701100000.0,191100000.0,205000000.0,293400000.0,2022-10-31,2022-11-21,62344,,,106900000.0,SJM,4312400000.0,V3_PHASE3C2_LEGACY_DEEP_HISTORY_2026-08-23T074231Z,2026-08-23T074231Z
2026-08-23T074231Z,LEGACY,-141900000.0,104200000.0,2026-08-23T074231Z,,"{""free_cashflow"":""DIRECT_WITH_DERIVED_CHECK:operating_cashflow + capex""}",317900000.0,,Q3,2023,442700000.0,755800000.0,208500000.0,584600000.0,317900000.0,2023-01-31,2023-02-28,62343,,,107000000.0,SJM,4313300000.0,V3_PHASE3C2_LEGACY_DEEP_HISTORY_2026-08-23T074231Z,2026-08-23T074231Z
2026-08-23T16:02:25Z,LEGACY,-145100000.0,655800000.0,2026-08-23T074231Z,,"{""free_cashflow"":""DERIVED:operating_cashflow + capex""}",-633500000.0,,Q4,2023,298700000.0,792400000.0,-600700000.0,443800000.0,-633500000.0,2023-04-30,2023-06-06,62342,,,,SJM,4314200000.0,V3_PHASE4B_DIRECT_RECOVERY_20260823T160224Z,2026-08-23T16:02:25Z
2026-08-23T074231Z,LEGACY,-150300000.0,241100000.0,2026-08-23T074231Z,,"{""free_cashflow"":""DIRECT_WITH_DERIVED_CHECK:operating_cashflow + capex""}",303500000.0,,Q1,2024,67600000.0,654800000.0,183600000.0,217900000.0,303500000.0,2023-07-31,2023-08-29,62341,,,,SJM,4315100000.0,V3_PHASE3C2_LEGACY_DEEP_HISTORY_2026-08-23T074231Z,2026-08-23T074231Z
2026-08-23T074231Z,LEGACY,-148700000.0,3623900000.0,2026-08-23T074231Z,,"{""free_cashflow"":""DIRECT_WITH_DERIVED_CHECK:operating_cashflow + capex""}",298900000.0,,Q2,2024,28200000.0,724200000.0,194900000.0,176900000.0,298900000.0,2023-10-31,2023-12-05,62340,,,,SJM,7771700000.0,V3_PHASE3C2_LEGACY_DEEP_HISTORY_2026-08-23T074231Z,2026-08-23T074231Z
2026-08-23T074231Z,LEGACY,-156900000.0,35900000.0,2026-08-23T074231Z,,"{""free_cashflow"":""DIRECT_WITH_DERIVED_CHECK:operating_cashflow + capex""}",297400000.0,,Q3,2024,249600000.0,823100000.0,120400000.0,406500000.0,297400000.0,2024-01-31,2024-02-27,62339,,,,SJM,8121100000.0,V3_PHASE3C2_LEGACY_DEEP_HISTORY_2026-08-23T074231Z,2026-08-23T074231Z
2026-08-23T074231Z,LEGACY,-123700000.0,,2026-08-23T074231Z,,"{""free_cashflow"":""DIRECT_WITH_DERIVED_CHECK:operating_cashflow + capex""}",349500000.0,,Q1,2025,49200000.0,797200000.0,185000000.0,172900000.0,349500000.0,2024-07-31,2024-08-28,62338,,,,SJM,7774800000.0,V3_PHASE3C2_LEGACY_DEEP_HISTORY_2026-08-23T074231Z,2026-08-23T074231Z
2026-08-23T074231Z,LEGACY,-87000000.0,,2026-08-23T074231Z,,"{""free_cashflow"":""DIRECT_WITH_DERIVED_CHECK:operating_cashflow + capex""}",169700000.0,,Q2,2025,317200000.0,886100000.0,-24500000.0,404200000.0,169700000.0,2024-10-31,2024-11-26,62337,,,,SJM,7776500000.0,V3_PHASE3C2_LEGACY_DEEP_HISTORY_2026-08-23T074231Z,2026-08-23T074231Z
2026-08-23T074231Z,LEGACY,-88100000.0,47200000.0,2026-08-23T074231Z,,"{""free_cashflow"":""DIRECT_WITH_DERIVED_CHECK:operating_cashflow + capex""}",-594000000.0,,Q3,2025,151300000.0,878100000.0,-662300000.0,239400000.0,-594000000.0,2025-01-31,2025-02-27,62336,,2186000000.0,106417996.0,SJM,7385400000.0,V3_PHASE3C2_LEGACY_DEEP_HISTORY_2026-08-23T074231Z,2026-08-23T074231Z
2026-08-22T00:00:00Z,YAHOO,-95000000.0,69900000.0,2026-08-22T00:00:00Z,,"{""free_cashflow"":""DIRECT_WITH_DERIVED_CHECK:operating_cashflow + capex""}",-602900000.0,-479500000.0,Q4,2025,298900000.0,823300000.0,-729000000.0,393900000.0,387900000.0,2025-04-30,2025-06-05,10623,,2143800000.0,106425081.0,SJM,7761700000.0,V3_PHASE3B_U_REFINED_YAHOO_SEED_20260822T000000Z,2026-08-22T00:00:00Z
2026-08-22T00:00:00Z,YAHOO,-84300000.0,39300000.0,2026-08-22T00:00:00Z,,"{""free_cashflow"":""DIRECT_WITH_DERIVED_CHECK:operating_cashflow + capex""}",43700000.0,178900000.0,Q1,2026,-94900000.0,474700000.0,-43900000.0,-10600000.0,51600000.0,2025-07-31,2025-08-28,10624,,2113300000.0,106687114.0,SJM,8080600000.0,V3_PHASE3B_U_REFINED_YAHOO_SEED_20260822T000000Z,2026-08-22T00:00:00Z
2026-08-22T00:00:00Z,YAHOO,-66300000.0,62800000.0,2026-08-22T00:00:00Z,,"{""free_cashflow"":""DIRECT_WITH_DERIVED_CHECK:operating_cashflow + capex""}",417000000.0,560300000.0,Q2,2026,280200000.0,869900000.0,241300000.0,346500000.0,424100000.0,2025-10-31,2025-11-25,10625,,2330100000.0,106695169.0,SJM,7913600000.0,V3_PHASE3B_U_REFINED_YAHOO_SEED_20260822T000000Z,2026-08-22T00:00:00Z
2026-08-22T00:00:00Z,YAHOO,-71500000.0,52800000.0,2026-08-22T00:00:00Z,,"{""free_cashflow"":""DIRECT_WITH_DERIVED_CHECK:operating_cashflow + capex""}",-557400000.0,-413300000.0,Q3,2026,487000000.0,827800000.0,-724200000.0,558500000.0,418300000.0,2026-01-31,2026-02-26,10626,,2339400000.0,106698183.0,SJM,7454300000.0,V3_PHASE3B_U_REFINED_YAHOO_SEED_20260822T000000Z,2026-08-22T00:00:00Z
2026-08-22T00:00:00Z,YAHOO,-95300000.0,58600000.0,2026-08-22T00:00:00Z,,"{""free_cashflow"":""DIRECT_WITH_DERIVED_CHECK:operating_cashflow + capex""}",415500000.0,549900000.0,Q4,2026,483900000.0,862100000.0,388100000.0,579200000.0,449000000.0,2026-04-30,2026-06-04,10627,,2268100000.0,106661858.0,SJM,7089000000.0,V3_PHASE3B_U_REFINED_YAHOO_SEED_20260822T000000Z,2026-08-22T00:00:00Z
