cid,dflt_value,index_name,index_unique,name,notnull,pk,table_name,type
0,,,,company_id,0,1,v3_company,INTEGER
1,,,,market,1,0,v3_company,TEXT
2,,,,ticker,1,0,v3_company,TEXT
3,,,,company_name,0,0,v3_company,TEXT
4,'ORDINARY',,,profile,1,0,v3_company,TEXT
5,1,,,active,1,0,v3_company,INTEGER
6,,,,admission_source,1,0,v3_company,TEXT
7,,,,admission_evidence,0,0,v3_company,TEXT
8,,,,created_at_utc,1,0,v3_company,TEXT
9,,,,updated_at_utc,1,0,v3_company,TEXT
,,idx_v3_company_active,0,,,,v3_company,
,,sqlite_autoindex_v3_company_1,1,,,,v3_company,
0,,,,event_id,0,1,v3_event,INTEGER
1,,,,event_type,1,0,v3_event,TEXT
2,,,,company_id,0,0,v3_event,INTEGER
3,,,,quarter_id,0,0,v3_event,INTEGER
4,,,,run_id,0,0,v3_event,TEXT
5,,,,occurred_at_utc,1,0,v3_event,TEXT
6,,,,details_json,0,0,v3_event,TEXT
,,idx_v3_event_quarter,0,,,,v3_event,
0,,,,lifecycle_id,0,1,v3_lifecycle,INTEGER
1,,,,company_id,1,0,v3_lifecycle,INTEGER
2,,,,endpoint_ttm_id,1,0,v3_lifecycle,INTEGER
3,,,,endpoint_quarter_id,1,0,v3_lifecycle,INTEGER
4,,,,endpoint_fiscal_year,1,0,v3_lifecycle,INTEGER
5,,,,endpoint_fiscal_quarter,1,0,v3_lifecycle,TEXT
6,,,,endpoint_period_end,1,0,v3_lifecycle,TEXT
7,,,,publish_date,0,0,v3_lifecycle,TEXT
8,,,,lifecycle_model_version,1,0,v3_lifecycle,TEXT
9,,,,lifecycle_ready,1,0,v3_lifecycle,INTEGER
10,,,,confidence,1,0,v3_lifecycle,TEXT
11,,,,raw_state,1,0,v3_lifecycle,TEXT
12,,,,final_state,1,0,v3_lifecycle,TEXT
13,,,,previous_final_state,0,0,v3_lifecycle,TEXT
14,,,,transitioned,1,0,v3_lifecycle,INTEGER
15,,,,transition_reason,1,0,v3_lifecycle,TEXT
16,,,,state_age,1,0,v3_lifecycle,INTEGER
17,,,,candidate_state,0,0,v3_lifecycle,TEXT
18,0,,,candidate_confirmation_count,1,0,v3_lifecycle,INTEGER
19,,,,hard_inflection_applied,1,0,v3_lifecycle,INTEGER
20,,,,lifecycle_fingerprint,1,0,v3_lifecycle,TEXT
21,,,,source_fingerprint,1,0,v3_lifecycle,TEXT
22,,,,feature_json,0,0,v3_lifecycle,TEXT
23,,,,output_json,0,0,v3_lifecycle,TEXT
24,,,,run_id,0,0,v3_lifecycle,TEXT
25,,,,created_at_utc,1,0,v3_lifecycle,TEXT
26,,,,updated_at_utc,1,0,v3_lifecycle,TEXT
,,idx_v3_lifecycle_endpoint,0,,,,v3_lifecycle,
,,sqlite_autoindex_v3_lifecycle_1,1,,,,v3_lifecycle,
0,,,,audit_id,0,1,v3_migration_audit,INTEGER
1,,,,migration_run_id,1,0,v3_migration_audit,TEXT
2,,,,source,1,0,v3_migration_audit,TEXT
3,,,,source_key,1,0,v3_migration_audit,TEXT
4,,,,company_id,0,0,v3_migration_audit,INTEGER
5,,,,quarter_id,0,0,v3_migration_audit,INTEGER
6,,,,audit_type,1,0,v3_migration_audit,TEXT
7,,,,decision,1,0,v3_migration_audit,TEXT
8,,,,evidence_json,0,0,v3_migration_audit,TEXT
9,,,,created_at_utc,1,0,v3_migration_audit,TEXT
,,idx_v3_migration_audit_source,0,,,,v3_migration_audit,
,,sqlite_autoindex_v3_migration_audit_1,1,,,,v3_migration_audit,
0,,,,action_id,0,1,v3_operational_action,INTEGER
1,,,,action_type,1,0,v3_operational_action,TEXT
2,,,,company_id,1,0,v3_operational_action,INTEGER
3,,,,quarter_id,0,0,v3_operational_action,INTEGER
4,,,,provider,0,0,v3_operational_action,TEXT
5,,,,due_at_utc,0,0,v3_operational_action,TEXT
6,,,,status,1,0,v3_operational_action,TEXT
7,0,,,attempt_count,1,0,v3_operational_action,INTEGER
8,,,,last_error,0,0,v3_operational_action,TEXT
9,,,,details_json,0,0,v3_operational_action,TEXT
10,,,,created_at_utc,1,0,v3_operational_action,TEXT
11,,,,updated_at_utc,1,0,v3_operational_action,TEXT
,,idx_v3_operational_action_due,0,,,,v3_operational_action,
,,ux_v3_operational_action_open_semantic,1,,,,v3_operational_action,
0,,,,acquisition_id,0,1,v3_provider_q_acquisition,INTEGER
1,,,,quarter_id,1,0,v3_provider_q_acquisition,INTEGER
2,,,,provider,1,0,v3_provider_q_acquisition,TEXT
3,,,,acquisition_result,1,0,v3_provider_q_acquisition,TEXT
4,,,,last_checked_at_utc,0,0,v3_provider_q_acquisition,TEXT
5,,,,last_success_at_utc,0,0,v3_provider_q_acquisition,TEXT
6,,,,next_retry_at_utc,0,0,v3_provider_q_acquisition,TEXT
7,0,,,attempt_count,1,0,v3_provider_q_acquisition,INTEGER
8,0,,,usable_field_count,1,0,v3_provider_q_acquisition,INTEGER
9,,,,provider_cache_ref,0,0,v3_provider_q_acquisition,TEXT
10,,,,last_error_code,0,0,v3_provider_q_acquisition,TEXT
11,,,,updated_at_utc,1,0,v3_provider_q_acquisition,TEXT
,,idx_v3_provider_q_acquisition_due,0,,,,v3_provider_q_acquisition,
,,sqlite_autoindex_v3_provider_q_acquisition_1,1,,,,v3_provider_q_acquisition,
0,,,,alias_id,0,1,v3_provider_symbol_alias,INTEGER
1,,,,company_id,1,0,v3_provider_symbol_alias,INTEGER
2,,,,provider,1,0,v3_provider_symbol_alias,TEXT
3,,,,provider_symbol,1,0,v3_provider_symbol_alias,TEXT
4,,,,created_at_utc,1,0,v3_provider_symbol_alias,TEXT
5,,,,updated_at_utc,1,0,v3_provider_symbol_alias,TEXT
,,sqlite_autoindex_v3_provider_symbol_alias_1,1,,,,v3_provider_symbol_alias,
0,,,,quarter_id,0,1,v3_quarter,INTEGER
1,,,,company_id,1,0,v3_quarter,INTEGER
2,,,,fiscal_year,1,0,v3_quarter,INTEGER
3,,,,fiscal_quarter,1,0,v3_quarter,TEXT
4,,,,period_end_date,0,0,v3_quarter,TEXT
5,,,,publish_date,0,0,v3_quarter,TEXT
6,,,,market_availability_date,0,0,v3_quarter,TEXT
7,,,,q_lifecycle,1,0,v3_quarter,TEXT
8,'NOT_DERIVABLE',,,sec_confirmation_state,1,0,v3_quarter,TEXT
9,,,,created_at_utc,1,0,v3_quarter,TEXT
10,,,,updated_at_utc,1,0,v3_quarter,TEXT
,,idx_v3_quarter_company_period,0,,,,v3_quarter,
,,sqlite_autoindex_v3_quarter_1,1,,,,v3_quarter,
0,,,,quarter_id,0,1,v3_quarter_fundamentals,INTEGER
1,,,,revenue,0,0,v3_quarter_fundamentals,REAL
2,,,,ebitda,0,0,v3_quarter_fundamentals,REAL
3,,,,free_cashflow,0,0,v3_quarter_fundamentals,REAL
4,,,,cash,0,0,v3_quarter_fundamentals,REAL
5,,,,total_debt,0,0,v3_quarter_fundamentals,REAL
6,,,,shares_outstanding,0,0,v3_quarter_fundamentals,REAL
7,,,,ebit,0,0,v3_quarter_fundamentals,REAL
8,,,,operating_income,0,0,v3_quarter_fundamentals,REAL
9,,,,operating_cashflow,0,0,v3_quarter_fundamentals,REAL
10,,,,capex,0,0,v3_quarter_fundamentals,REAL
11,,,,gross_profit,0,0,v3_quarter_fundamentals,REAL
12,,,,net_income,0,0,v3_quarter_fundamentals,REAL
13,,,,currency,0,0,v3_quarter_fundamentals,TEXT
14,,,,accepted_source_provider,0,0,v3_quarter_fundamentals,TEXT
15,,,,accepted_at_utc,0,0,v3_quarter_fundamentals,TEXT
16,,,,update_run_id,0,0,v3_quarter_fundamentals,TEXT
17,,,,derivation_method,0,0,v3_quarter_fundamentals,TEXT
18,,,,resolution_issue_id,0,0,v3_quarter_fundamentals,INTEGER
19,,,,created_at_utc,1,0,v3_quarter_fundamentals,TEXT
20,,,,updated_at_utc,1,0,v3_quarter_fundamentals,TEXT
0,,,,issue_id,0,1,v3_resolution_issue,INTEGER
1,,,,quarter_id,0,0,v3_resolution_issue,INTEGER
2,,,,unresolved_market,0,0,v3_resolution_issue,TEXT
3,,,,unresolved_ticker,0,0,v3_resolution_issue,TEXT
4,,,,unresolved_fiscal_year,0,0,v3_resolution_issue,INTEGER
5,,,,unresolved_fiscal_quarter,0,0,v3_resolution_issue,TEXT
6,,,,issue_type,1,0,v3_resolution_issue,TEXT
7,,,,field_name,0,0,v3_resolution_issue,TEXT
8,,,,status,1,0,v3_resolution_issue,TEXT
9,,,,source_details_json,0,0,v3_resolution_issue,TEXT
10,,,,resolution,0,0,v3_resolution_issue,TEXT
11,,,,created_at_utc,1,0,v3_resolution_issue,TEXT
12,,,,resolved_at_utc,0,0,v3_resolution_issue,TEXT
13,,,,updated_at_utc,1,0,v3_resolution_issue,TEXT
,,idx_v3_resolution_issue_status,0,,,,v3_resolution_issue,
0,,,,calendar_id,0,1,v3_result_calendar,INTEGER
1,,,,company_id,1,0,v3_result_calendar,INTEGER
2,,,,provider,1,0,v3_result_calendar,TEXT
3,,,,provider_event_key,0,0,v3_result_calendar,TEXT
4,,,,fiscal_year,0,0,v3_result_calendar,INTEGER
5,,,,fiscal_quarter,0,0,v3_result_calendar,TEXT
6,,,,expected_result_date,0,0,v3_result_calendar,TEXT
7,,,,calendar_status,1,0,v3_result_calendar,TEXT
8,,,,source_observed_at_utc,0,0,v3_result_calendar,TEXT
9,,,,created_at_utc,1,0,v3_result_calendar,TEXT
10,,,,updated_at_utc,1,0,v3_result_calendar,TEXT
,,idx_v3_result_calendar_expected,0,,,,v3_result_calendar,
,,sqlite_autoindex_v3_result_calendar_1,1,,,,v3_result_calendar,
0,,,,run_id,0,1,v3_run,TEXT
1,,,,run_type,1,0,v3_run,TEXT
2,,,,plan_version,0,0,v3_run,TEXT
3,,,,started_at_utc,1,0,v3_run,TEXT
4,,,,finished_at_utc,0,0,v3_run,TEXT
5,,,,status,1,0,v3_run,TEXT
6,,,,notes,0,0,v3_run,TEXT
7,,,,created_at_utc,1,0,v3_run,TEXT
8,,,,updated_at_utc,1,0,v3_run,TEXT
,,sqlite_autoindex_v3_run_1,1,,,,v3_run,
0,,,,version,0,1,v3_schema_version,INTEGER
1,,,,applied_at_utc,1,0,v3_schema_version,TEXT
0,,,,score_id,0,1,v3_score,INTEGER
1,,,,company_id,1,0,v3_score,INTEGER
2,,,,as_of_quarter_id,1,0,v3_score,INTEGER
3,,,,endpoint_ttm_id,0,0,v3_score,INTEGER
4,,,,endpoint_period_end,0,0,v3_score,TEXT
5,,,,publish_date,0,0,v3_score,TEXT
6,,,,score_model_version,1,0,v3_score,TEXT
7,,,,score_ready,1,0,v3_score,INTEGER
8,,,,fundamental_score,0,0,v3_score,REAL
9,100,,,total_max_score,1,0,v3_score,INTEGER
10,,,,applicable_score_weight,0,0,v3_score,INTEGER
11,,,,available_score_weight,0,0,v3_score,INTEGER
12,,,,coverage_pct,0,0,v3_score,REAL
13,,,,confidence,0,0,v3_score,TEXT
14,,,,applicability,0,0,v3_score,TEXT
15,,,,group_scores_json,0,0,v3_score,TEXT
16,,,,component_scores_json,0,0,v3_score,TEXT
17,,,,component_status_json,0,0,v3_score,TEXT
18,,,,score_fingerprint,0,0,v3_score,TEXT
19,,,,source_fingerprint,0,0,v3_score,TEXT
20,,,,output_json,0,0,v3_score,TEXT
21,,,,run_id,0,0,v3_score,TEXT
22,,,,created_at_utc,1,0,v3_score,TEXT
23,,,,updated_at_utc,1,0,v3_score,TEXT
,,idx_v3_score_ttm_endpoint,0,,,,v3_score,
,,sqlite_autoindex_v3_score_1,1,,,,v3_score,
0,,,,ttm_id,0,1,v3_ttm,INTEGER
1,,,,company_id,1,0,v3_ttm,INTEGER
2,,,,endpoint_quarter_id,1,0,v3_ttm,INTEGER
3,,,,endpoint_fiscal_year,1,0,v3_ttm,INTEGER
4,,,,endpoint_fiscal_quarter,1,0,v3_ttm,TEXT
5,,,,period_end,0,0,v3_ttm,TEXT
6,,,,model_version,1,0,v3_ttm,TEXT
7,,,,ttm_revenue,0,0,v3_ttm,REAL
8,,,,ttm_gross_profit,0,0,v3_ttm,REAL
9,,,,ttm_operating_income,0,0,v3_ttm,REAL
10,,,,ttm_ebit,0,0,v3_ttm,REAL
11,,,,ttm_ebitda,0,0,v3_ttm,REAL
12,,,,ttm_net_income,0,0,v3_ttm,REAL
13,,,,ttm_ocf,0,0,v3_ttm,REAL
14,,,,ttm_capex,0,0,v3_ttm,REAL
15,,,,ttm_fcf,0,0,v3_ttm,REAL
16,,,,cash,0,0,v3_ttm,REAL
17,,,,total_debt,0,0,v3_ttm,REAL
18,,,,shares_outstanding,0,0,v3_ttm,REAL
19,,,,revenue_4q_ready,1,0,v3_ttm,INTEGER
20,,,,gross_profit_4q_ready,1,0,v3_ttm,INTEGER
21,,,,operating_income_4q_ready,1,0,v3_ttm,INTEGER
22,,,,ebit_4q_ready,1,0,v3_ttm,INTEGER
23,,,,ebitda_4q_ready,1,0,v3_ttm,INTEGER
24,,,,net_income_4q_ready,1,0,v3_ttm,INTEGER
25,,,,ocf_4q_ready,1,0,v3_ttm,INTEGER
26,,,,capex_4q_ready,1,0,v3_ttm,INTEGER
27,,,,fcf_4q_ready,1,0,v3_ttm,INTEGER
28,,,,ttm_ebit_primary_ready,1,0,v3_ttm,INTEGER
29,,,,ttm_ebitda_secondary_ready,1,0,v3_ttm,INTEGER
30,,,,core_ttm_ebit_ready,1,0,v3_ttm,INTEGER
31,,,,core_ttm_ebitda_ready,1,0,v3_ttm,INTEGER
32,,,,ttm_available_date,0,0,v3_ttm,TEXT
33,,,,ttm_pit_ready,1,0,v3_ttm,INTEGER
34,,,,underlying_publish_dates_complete,1,0,v3_ttm,INTEGER
35,,,,q1_quarter_id,1,0,v3_ttm,INTEGER
36,,,,q2_quarter_id,1,0,v3_ttm,INTEGER
37,,,,q3_quarter_id,1,0,v3_ttm,INTEGER
38,,,,q4_quarter_id,1,0,v3_ttm,INTEGER
39,,,,calculation_version,1,0,v3_ttm,TEXT
40,,,,source_fingerprint,1,0,v3_ttm,TEXT
41,,,,output_json,0,0,v3_ttm,TEXT
42,,,,run_id,1,0,v3_ttm,TEXT
43,,,,calculated_at_utc,1,0,v3_ttm,TEXT
44,,,,created_at_utc,1,0,v3_ttm,TEXT
45,,,,updated_at_utc,1,0,v3_ttm,TEXT
,,idx_v3_ttm_ready,0,,,,v3_ttm,
,,idx_v3_ttm_company_endpoint,0,,,,v3_ttm,
,,sqlite_autoindex_v3_ttm_1,1,,,,v3_ttm,
0,,,,valuation_id,0,1,v3_valuation,INTEGER
1,,,,company_id,1,0,v3_valuation,INTEGER
2,,,,endpoint_ttm_id,1,0,v3_valuation,INTEGER
3,,,,endpoint_quarter_id,1,0,v3_valuation,INTEGER
4,,,,endpoint_fiscal_year,1,0,v3_valuation,INTEGER
5,,,,endpoint_fiscal_quarter,1,0,v3_valuation,TEXT
6,,,,endpoint_period_end,1,0,v3_valuation,TEXT
7,,,,publish_date,0,0,v3_valuation,TEXT
8,,,,valuation_date,1,0,v3_valuation,TEXT
9,,,,valuation_close_price,0,0,v3_valuation,REAL
10,,,,price_source,1,0,v3_valuation,TEXT
11,,,,shares_outstanding,0,0,v3_valuation,REAL
12,,,,market_cap,0,0,v3_valuation,REAL
13,,,,cash,0,0,v3_valuation,REAL
14,,,,total_debt,0,0,v3_valuation,REAL
15,,,,net_debt,0,0,v3_valuation,REAL
16,,,,enterprise_value,0,0,v3_valuation,REAL
17,,,,ttm_revenue,0,0,v3_valuation,REAL
18,,,,ttm_ebit,0,0,v3_valuation,REAL
19,,,,ttm_ebitda,0,0,v3_valuation,REAL
20,,,,ttm_net_income,0,0,v3_valuation,REAL
21,,,,ttm_ocf,0,0,v3_valuation,REAL
22,,,,ttm_fcf,0,0,v3_valuation,REAL
23,,,,ev_ebit,0,0,v3_valuation,REAL
24,'MISSING_INPUT',,,ev_ebit_status,1,0,v3_valuation,TEXT
25,,,,ebit_yield,0,0,v3_valuation,REAL
26,'MISSING_INPUT',,,ebit_yield_status,1,0,v3_valuation,TEXT
27,,,,fcf_yield,0,0,v3_valuation,REAL
28,'MISSING_INPUT',,,fcf_yield_status,1,0,v3_valuation,TEXT
29,,,,ev_sales,0,0,v3_valuation,REAL
30,'MISSING_INPUT',,,ev_sales_status,1,0,v3_valuation,TEXT
31,,,,ev_ebitda,0,0,v3_valuation,REAL
32,'MISSING_INPUT',,,ev_ebitda_status,1,0,v3_valuation,TEXT
33,,,,pe,0,0,v3_valuation,REAL
34,'MISSING_INPUT',,,pe_status,1,0,v3_valuation,TEXT
35,,,,ev_ocf,0,0,v3_valuation,REAL
36,'MISSING_INPUT',,,ev_ocf_status,1,0,v3_valuation,TEXT
37,,,,model_version,1,0,v3_valuation,TEXT
38,,,,valuation_ready,1,0,v3_valuation,INTEGER
39,'MISSING_INPUT',,,valuation_status,1,0,v3_valuation,TEXT
40,,,,source_fingerprint,1,0,v3_valuation,TEXT
41,,,,output_json,0,0,v3_valuation,TEXT
42,,,,run_id,0,0,v3_valuation,TEXT
43,,,,created_at_utc,1,0,v3_valuation,TEXT
44,,,,updated_at_utc,1,0,v3_valuation,TEXT
,,idx_v3_valuation_date,0,,,,v3_valuation,
,,idx_v3_valuation_endpoint,0,,,,v3_valuation,
,,sqlite_autoindex_v3_valuation_1,1,,,,v3_valuation,
